0,1,2,3,4,5,6,7,8,9,10,11,12,13,14,15,16,17,18,19,20,21,22,23,24,25,26,27
-0.1895307458,-0.2881129285,-0.4549424833,-0.27002165,-0.1437899316,-0.2879072013,-0.3060167578,-0.1862081468,-0.2802154347,2.560694206,-0.3467660108,-0.3777047127,-0.2711948648,-0.2651784372,-0.2505512389,-0.2291034282,-0.2734935171,-0.2939353627,-0.1457673803,-0.2856519391,-0.2618562991,-0.2050668305,-0.3435723215,4.4458264606,-0.2616229038,-0.1907588222,-0.2574570287,-0.3400942893
-0.2404494667,-0.2472568783,-0.4335895368,-0.2183322673,-0.2652473167,-0.2422948095,-0.2721369809,-0.217313995,-0.2324282354,2.5533875908,-0.2158649069,-0.1523723492,-0.2318490214,-0.2374139159,-0.2382541776,-0.2971236544,-0.2059069713,-0.2316206807,-0.2446548451,-0.2324873441,-0.2122668833,-0.191579038,-0.2696848497,3.7581493283,-0.2084250374,-0.3346304026,-0.2187235867,-0.2196297682
-0.2067885064,-0.1634997044,-0.3875610152,-0.2358337141,-0.2835286667,-0.1906996247,-0.2216630372,-0.2075817639,-0.1939446643,2.6085424607,-0.1621365098,-0.1757259356,-0.1996875241,-0.2157114172,-0.1967498253,-0.2009282205,-0.1884478752,-0.1730015923,-0.1674466951,-0.2133702139,-0.2386715257,-0.2663217317,-0.2248231305,3.0443829659,-0.200348525,-0.3428529088,-0.187354365,-0.208246734
-0.1514414208,-0.218527503,-0.4099378276,-0.2072206531,-0.2547699586,-0.244609121,-0.2379491062,-0.1948520235,-0.1878292452,2.6603745936,-0.2245368774,-0.215773905,-0.2222693633,-0.1317910848,-0.2100998567,-0.2239874446,-0.2068581894,-0.2383799865,-0.0938709215,-0.1797308967,-0.1334818122,-0.0947602311,-0.191021336,2.7358767981,-0.1906598219,-0.2693937077,-0.1998175031,-0.262681595
-0.1474159041,-0.2035408448,-0.3781600138,-0.2016018417,-0.1871102339,-0.1916439105,-0.1992645284,-0.2167181572,-0.1976607778,2.6720056621,-0.2361623129,-0.1801635141,-0.2033983682,-0.1416703121,-0.2448614739,-0.2368813235,-0.1678621282,-0.2263622256,-0.2001626454,-0.1979302332,-0.1434799723,-0.1945349875,-0.290084226,2.7225563177,-0.2098641561,-0.1687918434,-0.1981962477,-0.2310397976
-0.120836684,-0.2226561273,-0.3840293749,-0.2368058313,-0.287908463,-0.2207655642,-0.2154626296,-0.2210335477,-0.2004547856,2.6827711675,-0.2182328315,-0.143430239,-0.2255276947,-0.1307298096,-0.2108429177,-0.1970757858,-0.1884330469,-0.2069416064,-0.2389054907,-0.2067576951,-0.062289172,-0.2243305417,-0.2434655763,2.8403489801,-0.1988270603,-0.2463231952,-0.1900809159,-0.2809735613
-0.1722098741,-0.2355097908,-0.4349780033,-0.2656382086,-0.2351965814,-0.1360117062,-0.2234139297,-0.2463574894,-0.2225825947,2.6819489251,-0.2555669163,-0.1672849384,-0.2573073388,-0.2345306527,-0.2226434629,-0.1474396452,-0.2368910276,-0.1957206296,-0.270194269,-0.2248729524,-0.1688772917,-0.1570566649,-0.1968124619,3.0754217583,-0.1983382186,-0.1220083678,-0.2333172604,-0.296610407
-0.1792902162,-0.2076297193,-0.4318041022,-0.2178419785,-0.2703938983,-0.3295745736,-0.2569769734,-0.2272123564,-0.2128511146,2.7516947206,-0.2555957876,-0.2339987634,-0.2363659662,-0.2033479038,-0.2168210111,-0.2041863452,-0.1888646754,-0.2534466372,-0.2126052936,-0.2203039166,-0.2430861447,-0.2205191841,-0.182249638,3.4097755835,-0.215271376,-0.2401005508,-0.2376272373,-0.2635049406
-0.2099891343,-0.2817172265,-0.4298734585,-0.269478504,-0.2980900555,-0.2064892948,-0.238732442,-0.2349394013,-0.2430513172,2.7733459986,-0.2626430099,-0.3407048799,-0.2531373366,-0.2567854756,-0.2768407802,-0.2630990319,-0.2311627936,-0.1967753628,-0.2185549124,-0.2355650926,-0.2444379794,-0.1808210039,-0.1749896623,3.8701780839,-0.2452909763,-0.3026661236,-0.2366602989,-0.3110285285
-0.2613859427,-0.2775168597,-0.4581307103,-0.2711015019,-0.277818051,-0.4436846409,-0.2564535535,-0.2402273212,-0.2603721294,2.847907055,-0.3254613705,-0.281147025,-0.2629000481,-0.1812864404,-0.2738212891,-0.2915781716,-0.2512676851,-0.2289169396,-0.1445637456,-0.2448673388,-0.3310029945,-0.2654408135,-0.2341606999,4.3525872864,-0.2541477961,-0.2652418755,-0.269495359,-0.3485040384
-0.3214171927,-0.3502323964,-0.4926291804,-0.2784064826,-0.3272763977,-0.3183242459,-0.2955733701,-0.2900252667,-0.2835129448,2.8508393929,-0.372636658,-0.2215778725,-0.2963558625,-0.2662714991,-0.3195824457,-0.2843906349,-0.2901216849,-0.2731448014,-0.2995043155,-0.294706393,-0.1643141555,-0.2844130289,-0.2926646133,4.8654507484,-0.2918968935,-0.2420047628,-0.3002765627,-0.2650304797
-0.266793986,-0.3458890742,-0.5085547852,-0.3198365582,-0.2284000666,-0.3847725578,-0.3140646679,-0.3199621542,-0.2906861509,2.9691180446,-0.3927499687,-0.2634962865,-0.3315879193,-0.3044270502,-0.2863428941,-0.3397149679,-0.2916138924,-0.3106972791,-0.3059180827,-0.2962897313,-0.3037407915,-0.2982554886,-0.2896900624,5.3956266348,-0.3120134854,-0.316219235,-0.3126942481,-0.4303332952
-0.328625255,-0.3428231142,-0.527717896,-0.3324414487,-0.3603394702,-0.4379440204,-0.2197571586,-0.3566135647,-0.312373412,3.0232885546,-0.4212840654,-0.2812254438,-0.3304724964,-0.2899184458,-0.3080995669,-0.3688978426,-0.3328763407,-0.3132856896,-0.2912067208,-0.3176736643,-0.3133377552,-0.323206134,-0.2945649563,5.7166851973,-0.3209715241,-0.380506273,-0.3290149603,-0.3047965327
-0.3169401077,-0.3420133521,-0.4999688706,-0.3393698745,-0.1990007649,-0.4783682873,-0.2388184064,-0.3849588929,-0.338461374,3.1804678158,-0.3919881633,-0.2692570897,-0.3449726135,-0.3651882414,-0.3444323051,-0.3977342178,-0.32261199,-0.3371703655,-0.276683359,-0.3224907023,-0.442843728,-0.2894400449,-0.3983104745,5.8475030028,-0.3251362566,-0.2801239749,-0.3403043059,-0.4413830557
-0.2145845668,-0.3554365888,-0.5282672312,-0.3514311236,-0.3199419011,-0.3766614797,-0.3939522079,-0.3422222473,-0.3306910283,3.3212184725,-0.4129500936,-0.261461288,-0.3247876859,-0.3222736934,-0.3464295427,-0.2991841311,-0.3143730482,-0.3220957125,-0.3923158881,-0.3369821094,-0.3450743546,-0.3136229537,-0.3682237169,5.7027445755,-0.3338602449,-0.3990573788,-0.3237234492,-0.3943593825
-0.3166892507,-0.3127967134,-0.5155974769,-0.3213871801,-0.2720210192,-0.2613861568,-0.314351718,-0.3297796465,-0.3708478274,3.5006661751,-0.3613187385,-0.3492337565,-0.3203401333,-0.362561562,-0.3345914925,-0.3502667461,-0.3797714598,-0.3191908476,-0.3981600841,-0.3439974663,-0.3133913596,-0.3014150163,-0.3874803596,5.2478160229,-0.3289680329,-0.2670233111,-0.3377863227,-0.2781285203
-0.1972944882,-0.2736846947,-0.4769512299,-0.3030505262,-0.4186882532,-0.4608828,-0.3006373143,-0.2655595378,-0.3135240157,3.802412523,-0.263314857,-0.3938846899,-0.2993360429,-0.311374984,-0.323453296,-0.3203637474,-0.321118867,-0.3191879567,-0.2765603533,-0.3116378001,-0.281851578,-0.2513530674,-0.3580539301,4.5290600224,-0.3150000053,-0.3086831675,-0.2782603744,-0.3877649686
-0.2192915113,-0.3347822711,-0.4894914096,-0.2970376378,-0.3037027865,-0.3252507024,-0.2627222701,-0.2950253513,-0.2544643948,4.0831675898,-0.3227877592,-0.2742014773,-0.2860135741,-0.2873986803,-0.2807266126,-0.3253052013,-0.2923856674,-0.2944230117,-0.316882432,-0.2944648713,-0.2676367589,-0.3105104396,-0.3223002585,3.6228358889,-0.2703353551,-0.2511278498,-0.2981942801,-0.2295409145
-0.1854763479,-0.2810980246,-0.4578224927,-0.2539657797,-0.2750504685,-0.2452873549,-0.2508952282,-0.2431771281,-0.2516227405,4.4087947087,-0.2604719894,-0.2547102043,-0.2365646838,-0.2431398226,-0.2398031363,-0.1884142809,-0.2607529014,-0.2553974927,-0.2408509197,-0.2605761236,-0.2235949579,-0.2530417565,-0.2732529663,2.5370136146,-0.2798987711,-0.4122758533,-0.2599348631,-0.3587320355
-0.1593058637,-0.2944165395,-0.4271615619,-0.2797596542,-0.2264772902,-0.3501160559,-0.2545054023,-0.2335993385,-0.2122464844,4.7918879011,-0.243457843,-0.2367410546,-0.2394964703,-0.2766727365,-0.21074383,-0.2091274197,-0.2298308235,-0.2012049513,-0.2121172221,-0.2363187848,-0.2152659797,-0.1901203999,-0.2046476068,1.4514473342,-0.2442429923,-0.2371814714,-0.2196335953,-0.1989438631
-0.075594675,-0.2223265196,-0.4263698765,-0.2357207991,-0.2601674857,-0.1418587512,-0.2530388354,-0.2251687797,-0.217950684,5.2245060085,-0.259724225,-0.2458105747,-0.2312632055,-0.1516371409,-0.2141174644,-0.1635695268,-0.2314730758,-0.2000949742,-0.197301727,-0.2140274913,-0.0938780859,-0.2839967654,-0.1509418007,0.5313320937,-0.2233321653,-0.3325092812,-0.215384267,-0.2885799249
-0.158627494,-0.1830419579,-0.4099105362,-0.2238931889,-0.2052740886,-0.2579645237,-0.1821856991,-0.2112656762,-0.2423574794,5.7882021755,-0.2037667425,-0.1566350742,-0.2072664112,-0.2431197384,-0.2167556225,-0.2683035246,-0.1926033897,-0.2150595501,-0.1960885219,-0.2120938792,-0.1372846108,-0.2514046395,-0.1730682691,-0.1784148192,-0.2204629879,-0.2003739695,-0.2118658808,-0.2291139003
-0.1103923366,-0.2165026634,-0.3958409614,-0.2447799133,-0.1575235418,-0.1750791051,-0.2414799541,-0.1795456173,-0.1852233372,6.3454901793,-0.2758692215,-0.1748929288,-0.2028979525,-0.1551646464,-0.2404252427,-0.2333109932,-0.2284142479,-0.2038981626,-0.1854329552,-0.2345911084,-0.2218289576,-0.2339195885,-0.199986915,-0.779260198,-0.2063724673,-0.2220586833,-0.2005056844,-0.2402927956
-0.0426613791,-0.2149550099,-0.3916009154,-0.2531284482,-0.3414944851,-0.1472266993,-0.2487458529,-0.2226029245,-0.2038529298,7.0125175886,-0.209809724,-0.215996116,-0.21312295,-0.1839521984,-0.2173036509,-0.1886252228,-0.1966892972,-0.2052031182,-0.175832612,-0.2236608435,-0.2867001328,-0.2833188546,-0.3079537604,-1.1364516633,-0.2301648301,-0.3097085008,-0.1889194066,-0.1728360629
-0.1178851747,-0.2752370287,-0.4086780993,-0.2390005305,-0.0325197259,-0.4267674667,-0.2934776086,-0.2960547338,-0.2265214815,7.5579101579,-0.2392624907,-0.1746824629,-0.2342466265,-0.2569722985,-0.1862085934,-0.2379385421,-0.2469192151,-0.2379090223,-0.2647694271,-0.2464064259,-0.2141226752,-0.2198292426,-0.260538907,-1.3467207147,-0.2424756362,-0.2240645801,-0.23350507,-0.1751963778
-0.0533594133,-0.2403354988,-0.441493509,-0.2809461537,-0.2520480247,-0.3152092268,-0.2693602891,-0.2897870317,-0.238113907,8.0595576194,-0.2773471578,-0.2949173057,-0.2650812537,-0.2604181134,-0.2738997308,-0.2659033211,-0.2381958556,-0.2236657115,-0.2331980785,-0.2587694634,-0.2506673891,-0.1935305044,-0.2474934443,-1.4432497679,-0.2441491937,-0.1452555015,-0.2553906675,-0.3077721054
-0.1112150611,-0.2423444737,-0.4507528093,-0.2833907806,-0.2275593467,-0.407648069,-0.347240866,-0.2517331563,-0.2061031161,8.2366326613,-0.259321659,-0.3739923959,-0.26082278,-0.3241067303,-0.2833691448,-0.154107401,-0.2526542749,-0.2621364927,-0.1434838258,-0.2615669326,-0.303919225,-0.2333042817,-0.1561481291,-1.3628684646,-0.2666719071,-0.1991382664,-0.279126234,-0.3319068375
-0.1673757381,-0.2592721751,-0.4207735586,-0.2780003751,-0.2302474517,-0.2177030102,-0.2819906626,-0.3001276959,-0.2173564917,7.984884862,-0.2761977468,-0.3180945667,-0.259199792,-0.1466686896,-0.2476363106,-0.2570103309,-0.2656447303,-0.2543656965,-0.260716902,-0.2750564867,-0.2422721969,-0.2564522256,-0.2153560282,-1.3599661857,-0.2727669807,-0.2094105701,-0.2704801625,-0.2247421012
0.0563843379,-0.2340513267,-0.4397441964,-0.2540069388,-0.3466541897,-0.2159802565,-0.260499002,-0.2287610054,-0.2443055949,7.2875602914,-0.2267875603,-0.2977964766,-0.2415346691,-0.285525132,-0.2231023708,-0.2185174807,-0.2515662841,-0.2088525717,-0.2243068749,-0.2522421447,-0.1961157258,-0.1775637947,-0.2422223018,-1.1985001328,-0.2625637907,-0.1900251447,-0.2352277388,-0.1874919246
0.0858716681,-0.1740146668,-0.3975784202,-0.2350250204,-0.2173748412,-0.3387946999,-0.2114704635,-0.21534642,-0.1782537468,5.9918712184,-0.1877732909,-0.2374897132,-0.1793895245,-0.2006403479,-0.1892195042,-0.1969617907,-0.1633462026,-0.157252945,-0.1776064991,-0.1862281093,-0.0640559888,-0.1649967199,-0.258693181,-1.0729407373,-0.1783934134,-0.1347890864,-0.1809818468,-0.1791257067
0.0842385585,-0.1307127214,-0.3217015628,-0.128579085,-0.0766448121,-0.2319453194,-0.1448514798,-0.1373249256,-0.1106755492,4.1671689582,-0.1220325637,-0.080510875,-0.1407908817,-0.0616099127,-0.1529883305,-0.159079234,-0.1223957717,-0.0746648161,-0.1020533694,-0.1095686271,-0.2729879185,-0.1083497142,-0.0704144288,-0.9261639651,-0.1077878147,-0.1004249588,-0.1257165357,-0.1314323437
0.2367697106,-0.0074354993,-0.275200994,-0.1000395241,-0.1384392746,-0.0829501007,-0.0259761401,-0.0675946856,-0.0349827419,2.0243742661,-0.0116903604,-0.1073077946,-0.0541943415,-0.0180831213,-0.0245677567,-0.0381271811,-0.1050900514,-0.0910167735,-0.1481245827,-0.0432713125,-0.0752507367,0.0933360109,0.0366501155,-0.7906549516,-0.0371237906,0.0342147019,-0.0462646037,-0.1019584862
0.3841440396,0.0077389637,-0.1996018977,-0.0011837456,0.2080874525,0.0975928071,0.00046924,-0.0081147782,0.0511385061,-0.3113987115,0.0321443813,-0.0009147118,0.0024705531,0.0712612587,-0.0260078554,0.0912145131,-0.0092886656,0.0641031643,0.0069728976,-0.0038330117,0.0748265372,-0.0021120435,0.0701678406,-0.612808319,0.0280382114,-0.0252132391,0.0037900244,0.0063165884
0.5153454889,0.1128913451,-0.1345392309,0.0755196365,0.0903581961,0.1127083413,0.0977128901,0.0917453901,0.1297734543,-2.5615803956,0.1290166368,0.0555843226,0.1059856099,0.089100567,0.0626667913,0.2883878116,0.1084256085,0.0784332551,0.1015781621,0.0759172755,0.0869926489,0.167660572,0.0987085428,-0.5026402274,0.1304816883,0.1869736842,0.0926381313,0.1141538035
0.5668143093,0.182343037,-0.0983135038,0.1515508204,0.1200963533,0.1479042141,0.1227816224,0.139512425,0.185203903,-4.3791679079,0.1907937488,0.2269293821,0.1518708521,0.2752561547,0.1900576584,0.1493660136,0.1815655912,0.2090085151,0.2234121278,0.1724682745,0.1653370203,0.1395298519,0.1518076719,-0.3384130621,0.1939147648,0.1781872091,0.1916999969,0.2084829561
0.7163741349,0.2090123647,-0.0805311161,0.1866351767,0.2861899319,0.1129142145,0.2192916871,0.2115890001,0.2444700601,-5.7818520346,0.1971029822,0.1686212803,0.240252627,0.2194710369,0.1965896614,0.2878466335,0.2273853608,0.2149113913,0.1759375021,0.2059349565,0.2939464832,0.3175211919,0.2464170974,-0.2677174592,0.2292846434,0.1135629775,0.2197389178,0.3890992967
0.9220902683,0.235030527,-0.0439682314,0.2245986866,0.2396464532,0.1604473942,0.2643234652,0.2044925939,0.2622853379,-6.5788766853,0.2455948756,0.2383793245,0.2229735163,0.263333754,0.2058563079,0.217384244,0.2353615985,0.1912241566,0.2995276713,0.2011144262,0.2231940426,0.3373906773,0.2348981481,-0.229512807,0.2665179249,0.2663889768,0.2407312877,0.449572065
1.0462275524,0.2894952734,-0.0442677327,0.2018967913,0.2112635044,0.2985543055,0.2085720493,0.251369575,0.218491065,-6.9508120364,0.3911362634,0.2002568078,0.2626159617,0.3206092191,0.2175712427,0.3105563627,0.2378389472,0.2416673617,0.2987381618,0.2363977811,0.2253008626,0.2946918935,0.2950982673,-0.1943497721,0.2410674304,0.1679004999,0.2518422659,0.2702700959
1.2164729631,0.2330157181,-0.0204468252,0.2107600456,0.215931798,0.2076940024,0.2603639071,0.214797052,0.1931865505,-6.8380701191,0.2370553691,0.0943679023,0.2387126008,0.4114135242,0.2185808254,0.1840974489,0.2444246274,0.2407387173,0.2828434316,0.2259270298,0.2856708608,0.2341838044,0.2526818757,-0.1308074073,0.2478408152,0.3346684978,0.2553462252,0.2485487589
1.3564975199,0.1961930437,-0.0282851279,0.1874627311,0.1896171523,0.3206393352,0.2201378674,0.2084553961,0.2436171676,-6.464415836,0.1814702257,0.2154495401,0.2273681275,0.2591484797,0.2333915075,0.2712263301,0.1781255444,0.1834666844,0.2443340349,0.2191576996,0.0959394594,0.3129469402,0.1889488893,-0.1459866033,0.2253650977,0.2673380833,0.2404585845,0.1719321257
1.4961140712,0.1999672488,-0.0779654231,0.1219367819,0.1271154893,0.2897597743,0.1840655773,0.1975738056,0.2306947037,-5.9217049776,0.1780373018,0.2533873687,0.1840449457,0.260214699,0.1793690137,0.2594692517,0.1991362332,0.1918272114,0.1765312801,0.1809468381,0.17342584,0.1334846781,0.1157636681,-0.1377307191,0.2008351295,0.1634503111,0.202540238,0.2377096597
1.54492104,0.164084978,-0.119367691,0.085706761,0.2206425679,0.2040390291,0.1102047602,0.1211036163,0.1997194828,-5.322694474,0.1887282017,0.1477874673,0.1578638385,0.2486783049,0.185424076,0.2005593911,0.1599305954,0.1668924687,0.1247614327,0.1783359078,0.1512152224,0.1831230586,0.1826766834,-0.1322420066,0.1770643442,0.1311495048,0.1738872717,0.1658041671
1.4407837093,0.1155707689,-0.2006207616,0.0689128614,0.2627029683,0.0442115803,0.0932288597,0.1790786772,0.1981188984,-4.6604709623,0.1361503312,0.2162704068,0.1534777347,0.1163139731,0.2082161429,0.2584299744,0.1506690693,0.1417469882,0.1631856614,0.1582727575,0.0461601592,0.1704150809,0.0519885518,-0.1494829948,0.1843024378,0.146842219,0.1765060687,0.1290188382
1.4351893658,0.1671201482,-0.2714395783,0.0713763071,0.1603452544,0.0235455406,0.1078409914,0.1681703461,0.1505708577,-4.1443863863,0.0972411797,0.1243655354,0.1448745233,0.1561229797,0.1726444229,0.1757432476,0.1590182434,0.1576560476,0.1705385639,0.1660659454,0.0220715811,0.1062776675,0.0463519423,-0.1384145573,0.2168827901,0.1431626541,0.1796725958,0.0313917908
1.2410085618,0.0811993968,-0.3896982408,0.0009205098,0.1509029453,-0.0074818709,0.1508902014,0.126283777,0.0955158398,-3.6668710371,0.0417907642,0.2012076329,0.1285672594,0.2467215678,0.1315954333,0.0876812245,0.0980942681,0.0925159937,0.2473630889,0.1193396095,0.3020918322,0.1694770824,0.0494921922,-0.1695140744,0.1312565656,0.121948971,0.0853428608,0.1323576448
0.9980670425,0.1618799535,-0.3666956748,0.0290338173,-0.030972497,0.1586707395,0.1742627628,0.1490348483,0.0536308785,-3.253903512,-0.0297984329,0.1894880318,0.1538946932,0.159104769,0.1167787235,0.0653445013,0.1575067194,0.1410138466,0.1724641088,0.137497218,0.0976148523,0.2037221819,0.0208718886,-0.0935966138,0.0759759116,0.1824217295,0.1328077562,0.0438797564
0.7950713938,0.1335578944,-0.291018956,-0.0090172672,0.137229691,0.0947940603,0.2653293881,0.1454058627,0.0102656963,-2.9173134471,0.0250348579,0.1637290329,0.1472185672,0.0755611392,0.1462625846,0.0308280007,0.1364181123,0.1456298352,0.1776737054,0.1211871658,0.1241743056,0.1805774482,-0.1434521734,-0.097584242,0.0675875986,0.0943752227,0.1078197398,0.1326547829
0.6512183675,0.1127283474,-0.2018511376,-0.0193424774,0.0630561098,-0.0146726947,0.211319088,0.1688669724,0.0049045374,-2.6700725309,0.0176515931,0.1854002394,0.1064783743,0.085527589,0.0850913655,0.0228712587,0.0991080727,0.1364716016,0.1557808573,0.134411709,0.1424395152,0.1761203791,-0.0452722521,-0.1123088676,0.0641666004,0.2137534563,0.0867470369,0.1394068892
0.5102071505,0.1348436848,-0.1383032269,-0.0312848038,0.0761239341,0.1301952662,0.1118945587,0.1275165804,0.0942952313,-2.4116487432,-0.0198253319,0.0729758118,0.1221336263,0.0858592324,0.1352219567,-0.0253918163,0.1102054853,0.143102077,0.1289435858,0.1065496886,0.0469568533,0.2803890133,-0.0793618259,-0.0803895095,0.085845246,0.0623220491,0.091302804,0.1293214222
0.452196121,0.0838056828,-0.0722335195,-0.0875667894,0.231878969,0.1359168145,0.0265790194,0.0996621714,0.1108889232,-2.2502003069,-0.0065212077,0.0321924949,0.1034702655,0.1589851147,0.1097348381,-0.0941548356,0.0620033596,0.1101213261,0.0979617615,0.1356811991,0.1479095257,0.1696991841,-0.0730098922,-0.0603747538,0.1253319159,0.0821603482,0.0935035509,0.0743787195
0.2575061684,0.1158588462,-0.059493159,-0.1027977962,0.0999313735,0.1933087799,0.1108804107,0.0904457513,0.077723702,-2.1019143378,-0.0312002237,0.1382172083,0.1016698825,0.1461271684,0.1106400039,0.0482803788,0.0999682074,0.1073219031,0.0554328164,0.1218429245,0.1160590642,0.1631431366,-0.0434198218,-0.1072016269,0.0940440037,0.0588075223,0.0798184237,0.0589992896
0.3436541992,0.1270969681,-0.0635288276,-0.0582989093,0.0079607437,0.1580935887,0.0536350467,0.0620708003,0.1052584958,-1.9738721033,-0.0120429855,0.0327059359,0.0809577114,0.0415774283,0.0873546801,-0.0413100281,0.0471939502,0.1242097766,0.1080796353,0.1085880496,0.1490146967,0.1465051394,-0.0425854554,-0.0918056532,0.1110209809,0.0906965535,0.0703193352,0.2274502467
0.2756124165,0.0497657065,-0.0551989818,-0.0881551975,0.0430507968,0.1554439873,0.097482127,0.0488627705,0.1066902295,-1.7927446626,-0.0115430289,0.1372911835,0.0981537781,0.1020410493,0.0759319557,-0.0060745284,0.0667294508,0.1130608105,0.1377049423,0.1139965113,-0.02289674,0.0111477028,-0.0125505,-0.0334980983,0.0853610428,0.1216878024,0.1170556586,0.0655918153
0.1990599582,0.0630277843,-0.1011568568,-0.0673123667,0.144052838,0.1158710503,0.08267812,0.0913067193,0.0699258634,-1.6286295071,-0.0757377227,0.0938855757,0.0987139235,0.145581681,0.0786341272,-0.0200679595,0.0922943591,0.1074504197,0.1403710818,0.0753090079,0.0723167867,0.157486784,-0.0293438996,-0.104659235,0.0734386996,-0.0003341694,0.0814941788,0.0443427583
0.1453469391,0.0764224729,-0.1065838852,-0.0517536132,0.0509443111,0.2591407583,0.0847661949,0.0726078038,0.0930767059,-1.5987730836,-0.0893044364,0.0785021157,0.0923192981,0.0252874528,0.1006648766,-0.0994790527,0.0938020303,0.0922146036,0.0797517518,0.0940039493,0.0958328439,0.194373031,-0.0846622042,0.01213015,0.1052554151,0.0207429964,0.093212879,0.0701576958
0.1362100728,0.0704317635,-0.1366445268,-0.0693701721,0.0937529389,0.0221643882,0.0578542816,0.0781453089,0.1114070913,-1.4890921303,-0.057045362,0.2000696721,0.0533936986,0.0783232666,0.1072467947,-0.1182453775,0.0540123259,0.1466260148,0.0697314057,0.0662850542,0.171545206,0.1431390963,-0.0680715283,-0.094688072,0.1028037002,0.1146512441,0.074500484,0.0808633607
0.1592101151,0.0345559042,-0.1901649939,-0.0613822939,0.0207832302,0.0136012709,0.0860196319,0.0850616151,0.0553510055,-1.4096903606,0.0226023308,0.1764830453,0.0703818269,0.1598363254,0.0705486631,0.0337872075,0.051671233,0.0964855189,0.1256619547,0.0528149213,0.0308092511,0.0480012695,-0.035731734,0.003051375,0.0488588362,0.1175019235,0.0767638424,0.057127085
0.1240880539,0.0828125679,-0.1507031919,-0.0902940567,0.0178034168,0.0833202474,0.1472599847,0.0831009505,0.0046103718,-1.3238354466,-0.1034647156,0.1826253811,0.0905150099,0.158452398,0.0755938937,-0.0144406153,0.0648485546,0.1108860419,0.1897676147,0.0844986488,-0.022967853,0.0709329114,-0.0201478639,-0.0464668037,0.0479978052,0.1096944994,0.0684810461,-0.0249688512
0.0753355875,0.095172342,-0.1281293231,-0.0813236139,0.054948628,0.1175959666,0.0770465112,0.0945760257,0.0807927453,-1.2465760111,-0.1083062055,0.0520419904,0.1107045735,0.0616883728,0.0763843861,-0.0903783068,0.0673038509,0.1526435496,0.0787158135,0.088077523,-0.0136586203,0.0817616012,-0.0682730926,-0.0095388461,0.0491702212,0.1049019867,0.060958677,0.1663636672
0.1177750092,0.0443197487,-0.1069269252,-0.1131946251,0.0008555617,0.2338709064,0.1141469546,0.0850525117,0.0509962399,-1.222652511,-0.0970459834,0.0650803533,0.0734917087,0.0497512515,0.0712942414,-0.0495202275,0.0292192406,0.0899482499,0.1072236684,0.0625396476,0.0654677996,0.0550946321,-0.0753252777,-0.0305424374,0.0685499141,0.1582005827,0.0834511618,0.0688786035
0.1415390182,0.0358305572,-0.108810851,-0.075515522,-0.0439899074,-0.0809083428,0.0753194579,0.0438169135,0.0540085303,-1.1243635027,-0.0115968679,0.0485580042,0.0561368711,0.1034835514,0.0784795407,-0.0914092453,0.0618733854,0.0841855935,0.1501035361,0.0653499884,0.1509164585,0.1064304147,-0.0443044919,-0.0353924562,0.0552195677,0.1068925204,0.0869321475,0.1112151307
0.0765439203,0.0365679956,-0.0963110222,-0.119176986,0.1055015091,0.0535509249,-0.019807148,0.0574789481,0.0939111696,-1.0892304562,-0.0442246283,0.1253017693,0.0702905598,0.1829486018,0.0569268077,-0.0604637886,0.0414296082,0.0797727344,0.1282108809,0.0653882878,0.1039172955,0.0696372708,-0.1262215449,-0.0334721307,0.0619796203,0.1638979876,0.0667359965,-0.0510841833
0.0738293786,0.0603190473,-0.0860556063,-0.0766827451,-0.0299305259,0.0831182694,0.0473898662,0.0922057056,0.0625998785,-1.0086889135,-0.063842678,0.0478311159,0.0597939824,0.0794965838,0.0712836381,0.0012824796,0.0435462416,0.0528279255,0.0922452466,0.0703436588,0.0772584324,0.1430241458,-0.0213107031,-0.0139172143,0.0763524372,-0.0471138524,0.0833149077,0.0294792976
0.0180329235,0.0656304428,-0.1153793033,-0.1001335722,0.1140291285,0.0289747878,0.1096194603,0.0738451664,0.0097762852,-1.0137195029,-0.1788517883,-0.0349922974,0.0776603824,0.1761190324,0.0049737007,-0.0299421719,0.0653980084,0.0750810534,0.1525821295,0.0562490089,0.0249538527,0.2027261707,-0.0845120192,0.0215319683,0.0507034535,0.0022993688,0.1065220945,0.1208222364
0.0404477056,0.0813629501,-0.109639411,-0.1301069548,0.2142881849,0.1325396622,0.0711623317,0.0550907113,0.0030595706,-0.9350360664,-0.0968080265,0.0208061933,0.0521090376,0.1125463625,-0.0291730083,-0.1427447068,0.0544367695,0.0488638303,0.1629095173,0.0514862637,0.2139758266,0.2427855302,-0.0036991506,-0.0444937762,0.0128399102,-0.0899025899,0.089016348,-0.078123015
-0.009993477,0.0879156751,-0.0702121089,-0.112842953,0.2310761968,0.013359875,0.0265644999,0.0797803062,0.0424946813,-0.9120423235,-0.1270679715,-0.1045290838,0.0729389068,0.0556497884,0.0652497158,-0.0287662792,0.0460202203,0.0913104519,0.1398790543,0.0366918503,0.0068986452,0.230554783,-0.0207309724,-0.0033587005,0.0328887661,-0.1280623081,0.0554320475,0.202900714
0.0282527189,0.05308661,-0.1298997712,-0.1371931501,0.0369577866,0.0029198772,-0.0278244979,0.0577239655,0.1078359029,-0.8348633359,-0.0578451649,-0.0025280492,0.0429335038,0.0882605747,0.1108248743,-0.1172591296,0.0447002212,0.0714135853,0.1228196582,0.0725948623,0.0877129854,0.1347197802,-0.0184234946,-0.0002912946,0.0898564841,0.1646372154,0.0698223532,-0.0609450713
-0.0336653931,0.03754721,-0.1606222975,-0.1133930075,0.0211915596,0.1260853796,0.0406543415,0.0216473265,0.0624054542,-0.8200030889,-0.1289229857,0.1701309268,0.0518412049,0.1382776394,0.1138930977,-0.1021896129,0.056198222,0.0523814596,0.1537829001,0.0617590354,0.0124561533,0.2162607455,-0.0499030921,-0.0032594059,0.0428422387,-0.0838191304,0.0553401375,0.0610829817
-0.0363385795,0.0944667165,-0.1865560358,-0.1120298775,0.0976982055,-0.0403074172,0.0747314148,0.0668295459,-0.0028981815,-0.7934580324,-0.0557198753,0.030692898,0.0703765541,0.1904751534,0.055568805,-0.1040324244,0.0296159323,0.0479347167,0.2003765919,0.0647743204,0.0810590977,0.1588912853,-0.0358860157,-0.0227020194,0.0264903332,0.0149095326,0.0695130153,0.0155243404
-0.0673485182,0.0327199793,-0.1013985219,-0.0723409758,0.1688239997,-0.0496393674,0.1186208858,0.1005654056,-0.036837409,-0.7995296844,-0.1074679779,0.0138148027,0.0757823347,0.221615647,-0.0200970343,-0.1536117235,0.0703730284,0.0232700531,0.238235638,0.0629738586,0.0036857771,0.2307330325,-0.1235622395,-0.0201302519,0.0008288738,0.0695916053,0.0858409179,0.0344878643
0.0090149012,0.0554910418,-0.0556410167,-0.0490326682,0.0638192537,-0.1129267772,0.0891649415,0.0742632428,-0.0126630871,-0.7019634432,-0.1001939409,-0.0073666225,0.0613945613,0.2183934476,0.0406070321,-0.1018611045,0.0614787121,0.0370861864,0.1708187903,0.058640546,-0.1095232106,0.2328040187,-0.1351295094,0.001850499,0.0064586607,0.0553980477,0.0564201643,0.0931973329
9.17791538317053E-05,0.0473960776,0.0185459742,-0.0962107992,0.0698682435,0.1804085141,0.0021343821,0.0550137894,0.0132084703,-0.7360031735,-0.1077939098,-0.0653303552,0.048676633,0.1281605743,0.0487047592,-0.0787834782,0.0531778983,0.0822919666,0.13423425,0.0265560957,-0.012143741,0.1659707145,-0.0734979782,0.0149504494,-0.005400286,-0.0389519052,0.0317012211,0.0930238337
0.0383481914,0.0781923266,0.0460548034,-0.057305056,-0.0717770675,0.1219445279,0.0525856851,0.0683932099,0.1022027989,-0.685480663,-0.1166250054,-0.0328934041,0.0410192406,0.0788627597,0.0688016763,-0.082846736,0.0624893887,0.0359891849,0.176299031,0.0601070472,-0.0488060744,0.107257725,-0.0948784495,0.0367973102,0.0427714422,-0.0222179102,0.0746662593,-0.0799522422
0.0043678299,0.0135204803,0.0384806894,-0.0462780198,-0.0016265284,0.2247936046,0.029614409,-0.0046596302,0.0607163352,-0.6696013196,-0.1059265257,0.0014091582,0.0008598173,0.0980492279,0.0302619473,-0.0370377982,0.0450020675,-0.0050473842,0.1621170646,0.0233440331,0.0019531431,0.0165745988,-0.0502914387,-0.0451156292,0.0518914746,0.0807931548,0.0305899574,0.0512452812
0.075474064,0.0673527711,0.0416311759,-0.027844395,-0.059515429,-0.0073806927,0.0121998032,0.0587905206,0.0487706273,-0.6234411887,-0.1200692302,-0.0103721593,0.043950426,0.0910610529,0.0218915306,-0.0852187846,0.0471317501,0.0569303901,0.100752637,0.0511737961,0.0751693439,0.04578646,-0.1184797119,0.0060901942,0.074688913,-0.0031098279,0.0588366627,0.0777493005
0.0131444654,0.0220898351,0.0339350767,-0.0430204895,0.0658214771,-0.0119544145,0.0116902903,-0.0052826471,0.0419868435,-0.6126698329,-0.0634619377,-0.0198737999,0.0391069661,0.0561803215,0.0264891608,-0.033974076,0.0410001096,0.0578759694,0.0548976814,0.0513669012,-0.0064623265,0.063530643,-0.0511926442,0.0184535979,0.0978228457,0.1168497237,0.0506150972,-0.0149648374
0.1021112365,0.0235215244,0.0215933925,-0.033292422,-0.0420897789,0.0719302101,0.0620404881,0.0338790141,0.0568131979,-0.5741680224,-0.1352079636,0.0114860601,0.042453994,0.0920264861,0.0361742306,-0.0494956118,0.006946803,0.0848844941,-0.0541294089,0.058497349,-0.0482312038,0.0498183328,-0.0600824197,-0.0163316461,0.078163379,0.0624502942,0.0639695175,0.0542684735
0.0684132945,0.0626924401,-0.0164142391,0.0108831538,-0.0139897677,0.049385373,0.0414872127,0.0404042543,0.0693711905,-0.6172828602,-0.1424975415,0.0017613072,0.0495049219,0.1023879566,0.038118832,-0.1065561539,0.0628124021,0.0399015903,0.0581989825,0.0103270051,0.0719425067,0.1245332647,-0.1047613324,0.0116767751,0.0423925753,-0.0653400585,0.0480794364,0.0625674785
0.0278650629,0.0143649768,0.000902079,0.0035830097,0.0518693291,-0.0713259929,0.0167487563,0.0089896045,0.0979616907,-0.553306978,-0.0984096981,0.0430876593,0.0257874802,0.1101603351,0.0327767784,-0.0080222288,0.0356736023,0.0459620621,0.0610294735,0.0384833769,-0.0715435201,0.0757468952,-0.0792519836,0.0515384614,0.050342311,0.0657742326,0.044539158,-0.0213259338
0.1080652469,0.0570991884,-0.0061626372,-0.0391553731,-0.0280871369,0.0100770948,-0.0053683457,0.0115598077,0.0447366662,-0.5337470762,-0.0153437676,0.1603852872,0.0389659649,0.04960395,0.0070577688,-0.0445752513,0.0241804613,0.0209130041,0.0763543516,0.048234804,-0.0031623822,-0.0400548753,-0.1263812059,0.0124712528,0.0566055922,0.0002220969,0.0375137978,0.0779917157
0.0480313832,0.0572586895,-0.0664546287,-0.0354422039,0.0687888627,-0.0435213515,0.0249689156,0.0073910449,0.0473842333,-0.5134519157,-0.1321707412,-0.0158771742,0.0354507139,0.112213892,0.0534237641,-0.0588378355,0.0354180119,0.0543887775,0.0875404488,0.0234270494,0.0256046637,0.0343996686,-0.0021052072,0.003483945,0.0535003028,-0.0956486388,0.0439107877,0.1469245419
0.0923511568,0.0403961716,-0.0658260872,0.005735661,0.0448452758,0.080679651,0.0369587069,-0.0056174714,0.0666540375,-0.4940168261,-0.1077837815,-0.061719047,0.0397138942,0.1201818995,0.0157747982,-0.0405215338,0.0406428879,0.0332560467,-0.0073355279,0.046156587,-0.0280459244,0.1055068861,-0.1056236312,-0.0179170719,0.091440543,-0.0531537052,0.0730854848,0.0541809193
0.0633965109,-0.0341404034,-0.0770154992,-0.0433833199,0.1512578737,0.0843702267,0.0229884838,-0.0055646346,0.0421365592,-0.5342747465,-0.149728469,0.0820556066,0.0302303349,0.0343037431,0.0117015197,-0.0776837909,0.0119509196,0.0158959365,0.0248396766,0.0153228487,0.084347285,0.0563519123,-0.0868979355,0.0332478377,0.0104448116,-0.0256359241,0.0392272187,0.2202554174
0.0632757412,0.0141474205,-0.0782187093,-0.0042308913,0.1000799495,-0.1280317244,-0.029656989,0.0070628583,0.065598696,-0.4749126753,-0.0026622531,0.0570759067,0.0349149944,0.1358525075,0.0039341787,-0.1241634801,0.0780917729,0.0320969982,0.0934046484,0.0437134743,0.0550574169,0.0014999672,-0.1343126185,0.0021818356,0.0394673418,0.074474044,0.0444747495,0.0297848392
0.1011753544,-0.0062988859,-0.1125227871,-0.0602457837,-0.0202641149,0.0568427021,-0.0130559423,0.0455125521,0.0660127538,-0.4865389631,0.0354869482,0.0431088396,0.0296841628,0.0992841392,0.042429828,-0.0527223263,0.0287729622,0.0083860401,0.0881185391,0.018837999,0.0817210102,-0.0143577752,-0.0531322218,-0.0076931958,0.0332170417,-0.0343947233,0.0427784858,0.0398573612
0.0561481946,0.0384141398,-0.116600876,-0.0325883119,0.0505151336,0.0514434523,0.0422409709,-0.0063313969,0.0772064151,-0.4671582933,-0.0006035667,0.1084330551,0.0231700644,0.0596610624,0.0452719871,0.0167125166,0.0311259339,0.037447678,0.0139534896,0.0129610897,-0.0472460172,0.0535948657,-0.1398130046,0.046751689,0.09573826,0.0305610692,0.0261033876,-0.1071129879
0.089746975,0.0566573057,-0.1669894809,-0.0321168599,0.0388587829,0.0116597663,0.0772787483,0.0069021628,0.042409744,-0.4798140529,-0.0183937484,0.0190984104,0.0421237468,0.0718460026,0.0250158849,-0.0610798783,0.0536219897,0.015738954,0.1069608332,0.0250521335,0.0293436046,0.0050812545,-0.0609841616,0.0158439244,0.0871814149,-0.1056277057,0.0519543707,0.0526298788
0.0627634849,0.017646843,-0.1664960263,-0.0105478502,-0.0110361345,-0.071433603,0.0501153599,-0.0069165652,0.0442293719,-0.443961148,-0.0471686593,0.039919693,0.0357582086,0.0712295346,-0.0026279971,-0.1039588109,0.0750727169,0.0394168489,0.0849413949,0.0033137566,0.0562243424,0.103100842,-0.0657100793,0.0578329654,0.0464773202,0.0411145365,0.0614539648,0.039245689
0.131090931,0.0326542897,-0.1927495442,-0.0130502903,0.1050208868,-0.0231997397,-0.0292976084,0.0228120738,0.0734608218,-0.4157507659,0.0112984132,-0.0257052697,-0.0013734422,0.0507078765,0.0180602006,-0.0378137251,0.0358793169,-0.0109108605,0.0780343546,0.0132964213,0.0327491244,-0.0045423448,-0.0921305607,0.0365573465,0.0607797803,0.1086680694,0.0678066597,-0.032352415
0.1298978367,-0.0165225392,-0.2801242097,-0.0957620517,-0.0288328365,0.094436165,-0.1334753459,0.0268856595,0.0029862452,-0.4956142031,0.0107728795,-0.0209914579,0.0033186075,0.1553821175,0.0543438171,0.0436432627,0.0100261829,0.0334204709,0.0285769926,0.0094077771,0.0018631279,0.160724566,0.0604152061,0.0081648852,0.0178236546,0.0429366431,0.0563134054,0.1199831416
0.4015576069,-0.0295571088,-0.3296562033,-0.1362259671,-0.144840818,-0.1294002671,0.0337908742,-0.016494055,-0.1014597655,-0.5006044441,0.2538973563,0.0163561878,-0.0446764752,0.1275480179,-0.0759672017,0.1909727542,-0.0257167708,-0.0467985109,0.2538795405,-0.0565015631,-0.0016288596,0.2033627339,0.0795990138,0.0080408072,-0.0436271854,0.0527598644,0.1145277973,-0.0531373589
0.3590731577,-0.0642096119,-0.3428955435,-0.1897828113,-0.1055956093,-0.0677291883,0.0518438713,-0.1236578387,-0.203007827,-0.5191180349,0.3424124167,0.1041978122,-0.0960042847,0.278247185,-0.1418511073,0.2142332448,-0.0275938682,-0.065977459,0.206178582,-0.095998869,0.0274227622,0.3371615447,0.2891140249,-0.1086186258,-0.1563168109,-0.0488219786,0.1307441539,0.016550713
0.241085308,-0.0288994873,-0.1812345302,-0.114913437,-0.349739622,0.0060164471,0.0087815333,-0.0035816057,-0.0732742313,-0.4303959114,0.1367371874,0.0430661027,-0.0066838938,0.3038940882,-0.0499163381,0.133742298,-0.0126263002,-0.0290496233,0.2288966646,-0.0304539205,0.0456952669,0.2157352818,0.1548339614,-0.0499567267,-0.0503650876,-0.0242871575,0.0856517638,-0.1687580305
0.1721459024,0.0015022023,-0.1216167123,-0.1240561722,-0.1351181868,0.1693322328,-0.0094769064,0.0365632079,0.0186439485,-0.4551716453,0.0397563245,0.0058091961,-0.0006766778,0.1777126524,0.013141031,-0.0360774681,0.0047651628,-0.0132516297,0.1387014491,0.0244677383,0.1004185144,0.0837869572,-0.0110122171,0.0093818775,0.0081230297,-0.0814680942,0.0239500222,-0.0402757393
0.1108775372,0.0479369749,-0.0316861729,-0.0838448725,-0.0195287242,-0.0534621558,-0.008260902,0.0192823378,0.0588370719,-0.3758781313,-0.1188983782,0.1204105232,0.0487815444,0.043775978,0.0177916429,-0.1041519112,-0.0024411302,0.0299552746,0.1040779431,0.0279334662,0.0850770291,0.018349812,-0.0055122304,0.0562071068,0.039877102,-0.0880845659,0.0379799135,0.0245979169
0.1307387064,0.0450147602,-0.0381938324,-0.0558214959,-0.0549381459,0.0107098872,0.0309296507,-0.0180853236,0.0838664975,-0.3872250148,-0.0618057338,-0.0317693699,0.0197347161,0.071637238,0.0004573985,-0.0520299639,0.0009780677,0.0176215998,0.1079715314,0.0304614233,-0.0079714519,0.019162293,-0.0462770114,0.0404625931,0.0552076701,-0.0156872291,0.0509643525,0.0538861871
0.1610132626,-0.0005800049,-0.0104549555,-0.099725327,0.0561242256,0.061690511,0.0275846479,-0.0465145905,0.0484485926,-0.3710744201,-0.0240830266,0.0357425955,0.0187866025,0.0535048791,0.0148944146,-0.0785344533,0.0145877425,0.0214653869,0.0708370821,0.0246842258,0.0049298268,-0.0159197008,-0.1026063829,0.0459645487,0.0188666624,0.0998501542,0.0267602795,-0.0562427786
0.1479646281,0.0261588932,-0.0684727563,-0.074569706,0.0120003295,-0.0829171542,-0.0232152081,0.022951399,0.1001534813,-0.3832733891,-0.1438519958,-0.0435613498,0.0235973579,0.0572066938,0.0248308372,-0.1328718503,0.032673259,0.0338255569,0.022397135,0.0194697145,0.0431178862,0.0509097569,-0.1011899077,0.032972661,0.0549514843,0.1681083394,0.0260411121,0.1545927922
0.1027962125,0.0156989305,-0.1410791511,-0.0886893209,0.0614222333,0.0396444693,0.0282484577,0.0032663494,0.1263301648,-0.3188709296,-0.0849784547,-0.0694546247,0.0227695146,0.0575687168,0.0404275326,-0.0215698119,0.0717420797,0.0062588013,0.0076380466,0.0249383478,0.1267336098,0.0860588871,-0.0294074369,0.0142225901,0.0625714282,-0.1653387238,0.0333642381,-0.0123121565
0.1122061644,0.0004938164,-0.2581082212,-0.0635393963,0.0698613102,-0.0762611135,-0.0133304731,-0.0074287068,0.1222382955,-0.2905250748,-0.1290072677,0.0147424589,0.0254030952,0.0825114455,0.0600785798,-0.0864500851,0.0549381822,0.0369014733,-0.0187489635,0.0285474006,0.0031402338,0.0805582292,-0.1069262299,0.0687082107,0.04532209,0.156124328,0.0338926868,0.0546575313
0.1261093434,0.0840417872,-0.3803731766,-0.0692976482,-0.0920825871,0.1162063245,-0.0632939861,0.0734941681,0.0845150293,-0.2673726722,-0.1782379135,-0.0155370819,0.0421776801,0.0977588057,0.1243001286,-0.1711644795,-0.0013034196,0.0910459054,0.1060679912,0.0541960573,0.0995095962,0.0199801414,-0.0961087925,0.0524774347,0.0556507051,0.0029034234,0.0206201347,0.0837171007
0.0493044711,0.0767616502,-0.4856891003,-0.0804647718,0.0999581287,-0.0386865438,0.0150563831,0.1793498896,0.0066182535,-0.3097238132,-0.1662191429,0.0438742428,0.0332190982,-0.0067162483,0.1177691193,-0.1578654531,0.0564550716,0.0855345604,0.0507682192,0.0377602534,0.1454840126,0.0903819526,-0.1915017089,0.0541616896,0.101824418,0.1526643402,-0.006554708,0.0464757362
-0.0782681507,0.0632179278,-0.5182101756,-0.1276193004,0.1516811097,0.2768286591,0.3209786389,0.1059732863,-0.1347958981,-0.254959006,-0.2884032909,0.0728192308,0.0584582997,0.1075434882,-0.0188603622,-0.276721672,0.0786530625,0.0981147159,0.0712014605,0.0926354997,0.1019208441,0.1957427445,-0.2390286067,0.124498106,-0.1084428622,0.0787655368,-0.054328265,0.1006049794
-0.0633548793,0.0470909215,-0.1830281262,-0.136980412,0.3154441561,0.1415705808,0.2566119461,0.0835621339,-0.1829133908,-0.2523401665,-0.3161810175,0.1839552302,0.0565367639,0.060346167,-0.0593716764,-0.2792180046,0.0833488551,0.0557301762,0.085016311,0.1046020044,0.0709975726,0.1099149775,-0.2378750691,0.0424259163,-0.0908590879,0.0651928303,-0.061451972,0.1012272597
-0.0241906199,0.0316963772,-0.0584922467,-0.1564892356,0.0715057,0.1558606304,0.0240207472,0.1808394633,-0.0514906271,-0.2836580249,-0.26905605,0.1965535037,0.0643737871,0.1114602578,0.070721996,-0.2779154724,0.0380470054,0.056271194,0.0711509637,0.0703043873,0.1568387802,0.0841367698,-0.2408171237,0.0477788051,-0.0022575117,-0.0211458582,-0.0290383946,-0.0170092037
0.0363993049,0.0349014275,0.018018141,-0.1984063737,0.1814250318,0.0739489788,0.0813822506,0.0234761562,0.0104312049,-0.2964857385,-0.2459501069,0.1464376449,0.060737111,0.040341208,0.1941518373,-0.1753677508,0.0113211609,0.0183655631,-4.4286262731595E-05,0.0588186294,-0.0559699918,0.0883865855,-0.2561170281,0.0421260794,0.0374228971,-0.0021590061,-0.0056413771,0.0780504471
0.0824423012,0.023011798,0.1087709193,-0.190971088,-0.0800101267,0.130553561,0.0395506195,-0.0077708695,0.033676662,-0.246461967,-0.1800428327,-0.0085610361,0.0691409358,0.0461284563,0.0555621799,-0.212917387,0.0492049216,0.0244838615,0.1575088312,0.0528324013,0.0433238939,0.1163450807,-0.2045409201,0.038926629,0.013222971,0.0499589751,0.0120881327,-0.0154569039
0.1448925279,0.0367332267,0.1196549803,-0.1810013078,0.0206703628,-0.0569145894,-0.0044749688,-0.015877625,0.0277115558,-0.2936121435,-0.2354365872,0.1098981761,0.0314402794,0.0751508795,0.05958809,-0.2496593436,0.0411014823,0.0164558054,0.0457446897,0.0428815178,0.0678299499,0.0214206709,-0.2272192315,0.0461998936,0.0263381486,0.1581841519,0.0206098922,0.151689516
0.1183154098,0.0249828546,0.106257188,-0.1456911243,-0.0720268906,0.1316420689,0.0601569643,-0.0172301732,0.0520979934,-0.2659567645,-0.1361222015,0.1358142714,0.0443949771,0.0060257385,-0.0080504843,-0.1265624683,0.011702503,0.0477929696,0.0277473914,0.0223572665,0.0451622881,-0.0218600393,-0.2286948242,0.0801055922,0.0391878118,0.1120958149,0.0194969836,-0.0631411171
0.2465520152,-0.00169793,0.0819223066,-0.1183966919,-0.0061860975,0.0770779217,0.0897313837,0.0169279418,0.0600329008,-0.2891029923,-0.1780524281,0.1186749092,0.0154186648,0.071402287,0.0253026054,-0.1154278416,0.0222512702,0.0421526105,-0.0658647317,0.0432521979,-0.0070726589,-0.037286972,-0.1725806718,0.0424709688,0.0489029557,0.0020067573,0.0199844732,-0.032395154
0.2569533891,0.003604934,0.0773850399,-0.1431963427,0.0891513441,0.0323650977,-0.0192534523,0.0655656333,0.0560355465,-0.2744567639,-0.1779712557,0.0244341103,-0.0115864632,-0.0017789252,0.0426662363,-0.1565681855,0.021209907,0.0254883976,0.0906631155,0.0011636425,0.0438149129,0.0224859223,-0.15048565,0.0251880943,0.0319697613,-0.0410856619,0.0201463743,0.0460912414
0.3040485525,0.0422092438,0.0356944117,-0.1025745325,0.0037402849,0.0945084739,-0.0374461509,-0.0110763391,0.0333808627,-0.2420320967,-0.1414055649,-0.0224255841,-0.0023777828,-0.0380392777,0.0310898447,-0.0732050891,0.0575710527,-0.0048743735,-0.0570434959,-0.0028506814,0.0330577072,-0.004870851,-0.1260130751,0.0606584626,0.0412645304,-0.1003116734,0.0212565826,0.2080665583
0.4463516647,0.01559964,0.0204212329,-0.0982557107,0.0011651496,0.087843011,0.0224241367,0.0302003069,0.0689485624,-0.2521773804,-0.0407915848,0.0458646286,0.0059260107,-0.0698471231,-0.0167406589,-0.1273065874,0.0426759644,-0.0098091041,-0.0765935716,0.0073042526,-0.035959131,-0.0787577202,-0.0708548735,0.0408695725,0.0285068182,-0.0599655188,0.0228188272,0.0501391861
0.5019818425,0.0199953212,-0.0022011427,-0.1096216257,0.0076891,-0.1124892939,-0.0207226357,0.0428127336,0.0517513592,-0.2629048254,-0.1234868602,0.0614027245,0.0103118817,-0.0480642386,0.014220108,-0.0259774342,0.0356372484,0.0560438766,0.0036248189,0.0155162438,0.0207665173,0.0027089871,-0.1240978136,0.0340684642,0.0397226568,0.0844463355,0.0293911741,-0.2025255237
0.5203512643,0.0081673368,-0.0225796622,-0.1103724862,-0.0981491177,-0.0227827636,-0.0043262373,-0.0054250434,0.019690617,-0.2515523317,-0.0960954882,0.0642475642,-0.0076332108,0.0273939848,-0.012225463,-0.0055568628,-0.0053479572,0.0541664672,0.0604770595,-0.0173704033,-0.0770510301,0.0167572794,-0.0953957611,-0.0061732864,-0.0034307289,0.0043191965,-0.0249606687,0.090857733
0.6923412326,0.0057764267,-0.0646865337,-0.1041752637,0.0316572567,0.1961498351,-0.0156888436,-0.0194393393,0.0456355385,-0.2873117301,-0.1368038326,-0.0432151089,0.0048914945,0.025731197,0.0171856397,-0.0690203088,0.0132087292,-0.0056767322,-0.0872944254,0.0219497509,0.0387515964,0.0151083624,-0.125375401,-0.016480888,0.013192511,-0.000005797,-0.008270632,-0.1381347345
0.7620808248,0.0069438146,-0.0828892791,-0.1069291414,-0.0442195666,-0.2153641095,-0.0464416357,0.020084672,0.0409571704,-0.202097572,-0.1007321213,-0.1298747574,0.004598062,0.0125340528,0.0065661124,-0.0354001053,0.0124239353,-0.019695048,-0.0099042178,-0.0296973742,0.0549257848,0.0267050469,0.006116426,0.0217667852,0.0197428451,0.0924081959,-0.0006531449,-0.0639556546
0.9508199256,0.0214315731,-0.0992378187,-0.1059462597,-0.0820468431,-0.0285083955,-0.0083126972,0.0025677507,-0.0052829968,-0.2093516091,-0.1365060627,0.0660797357,-0.0062127541,0.0080433655,-0.0150414928,-0.0539927615,-0.0189947551,-0.0249369941,0.0211254143,-0.018376442,-0.0352765146,0.0154925216,-0.1338331756,-0.0290589824,0.0006332956,-0.0826433496,-0.0105293316,0.0178956539
1.0672722323,-0.0258539803,-0.0911849232,-0.1281655289,-0.0858828758,-0.0203215457,-0.0123356424,-0.0301781697,0.027437253,-0.2234680623,-0.0518175764,-0.0130622025,0.0081565437,-0.0421284335,-0.0047689496,-0.0763220222,0.0031011504,0.0067101478,0.0384553911,8.50299186103904E-05,-0.0775855665,-0.0144369664,-0.2035062976,0.0642441556,-0.0222360775,-0.0181008114,0.0101555958,-0.0842618677
1.2736838881,-0.0413530865,-0.088437045,-0.1153119433,-0.1301688627,-0.1035586245,-0.0460606236,0.0040527674,0.0118888604,-0.2812744222,-0.0955119423,-0.0718305899,-0.0265776839,0.0242614381,-0.0276043564,-0.0963717196,-0.0307231895,-0.0124136216,-0.0361992138,-0.0126912299,-0.0235670121,0.0487746832,-0.0173348747,0.0257594663,-0.0002609093,0.0126102281,-0.0192808855,-0.1244994953
1.3580864825,0.0009472945,-0.1148476124,-0.1262699572,-0.0057955712,-0.0462706863,-0.0484721037,-0.026962586,-0.0314167879,-0.2142664387,-0.1279326723,-0.0386463892,-0.0409074047,-0.0320151581,-0.0295130085,0.0287448617,-0.0508897421,-0.0018908476,-0.0094727062,-0.0281938826,-0.0889766212,-0.1052488748,-0.1481310391,0.0056047084,-0.0189750312,-0.0460614954,-0.0224955808,0.0102688501
1.4274365896,-0.0363552728,-0.1083613436,-0.1128751102,-0.1861893026,-0.2335170115,0.0140717543,-0.0569308638,-0.0208683801,-0.2293180307,-0.2370375737,0.113752732,-0.0309011223,-0.0042484182,-0.0448443334,-0.0218621743,-0.0256295287,-0.0211846349,0.0193889258,-0.0214253716,-0.0012054875,0.0092325995,-0.1126377959,-0.0132448561,-0.0757568221,-0.0138982863,-0.037757858,0.0621669773
1.5603529571,-0.0186241467,-0.0931913145,-0.1404028845,-0.1169237499,-0.0794957126,-0.0697322794,-0.04677286,-0.0201644638,-0.266881303,0.0061700884,-0.1235167227,-0.03989195,-0.0056964363,-0.0403373397,-0.0693741439,-0.0536554788,-0.0481201422,-0.0073329808,-0.0215157205,-0.1045488723,-0.0599841025,-0.048422092,-0.0674172719,-0.0120876528,0.0121987153,-0.0333461491,0.0087140089
1.6930978002,-0.0449408012,-0.1355499094,-0.1375847854,-0.1298518832,-0.1382762076,-0.0565712068,-0.1362704732,0.0351713466,-0.2701942833,-0.0707714356,0.0057648385,-0.025606941,-0.0711175038,-0.0257392356,0.0689669493,-0.0493077403,-0.0549238309,-0.0279613405,-0.0615138488,-0.0540134242,-0.0381224965,-0.1125835123,-0.0357975016,-0.0005791988,0.0253182367,-0.0416555253,-0.1093860859
1.7142123998,-0.0706718373,-0.1855913886,-0.1757460587,0.0095368378,-0.189772651,-0.0731759042,-0.0706435479,0.008854831,-0.2766813994,-0.0433237046,-0.0599166803,-0.0601828693,-0.0305967646,-0.0365815151,-0.0275847001,-0.0397355067,-0.0491673782,-0.0662535362,-0.0494891468,-0.0395274201,-0.0528265785,-0.102301532,-0.0247714666,-0.0201831524,-0.0920039539,-0.0478511669,0.1519757908
1.6029596498,-0.0441952434,-0.1893931452,-0.1553496376,-0.1862147552,0.0409091421,-0.0794422654,-0.0462821016,0.0098089033,-0.1994907733,-0.1326063972,-0.0700046759,-0.0178592958,0.0515763953,-0.0461498498,0.0308206878,0.0165890603,-0.0290188867,-0.1159263841,-0.0113680223,-0.0140043034,-0.0315855977,-0.0843790373,-0.0392919835,-0.0440851591,-0.0524650133,-0.0318558973,-0.1316954135
1.4443844558,-0.0487188393,-0.2333460324,-0.1627803139,-0.1043143963,-0.1823998839,0.0401164491,-0.0280541029,-0.0288831426,-0.2565351661,-0.0953352935,-0.0471435476,-0.0141799631,-0.100307633,-0.0790818061,-0.1193019245,-0.0130583153,-0.0384551174,0.0210580846,-0.0247147454,0.0629862311,0.020459904,-0.1453183986,-0.0110609099,0.0033334122,0.0266409541,-0.0284607986,0.1424708392
1.4724804823,-0.0278837338,-0.163409022,-0.1520285851,-0.0426944635,-0.2391694643,-0.008073012,0.0250446826,0.0008932935,-0.2275905047,-0.0671066915,-0.0087079622,-0.0106857023,0.0153085336,0.0200411012,-0.0745348187,-0.0165721152,0.0050260805,-0.0416314819,0.0064978484,-0.0641847997,-0.0524922187,-0.152087785,-0.0045799551,0.0002734834,-0.0884260371,-0.0094662725,-0.0942408803
1.4109796778,-0.0468617303,-0.2479164927,-0.1634040723,-0.0350391968,-0.129879336,0.0056028414,-0.0167225156,-0.0218627351,-0.1975978593,-0.0813562571,0.0329681571,-0.033686769,-0.0583871548,0.0307905346,-0.0050607863,-0.0436552635,-0.0349806167,0.0644134889,-0.0197885779,-0.0283912974,0.00139263,-0.1680357658,-0.0074302847,-0.0323614597,-0.0543116598,-0.0439150678,-0.0755024313
1.2727686055,-0.0182461837,-0.1968184428,-0.1319323724,-0.081576415,-0.0574778239,0.044243587,-0.0219559663,-0.0190949765,-0.2153418436,-0.1118141677,-0.2076693871,0.00828445,0.0170219068,-0.0195320696,-0.0631430807,0.0245614859,0.032547275,0.0212829695,0.0109317573,-0.0326810817,0.0458728881,-0.2058069487,-0.0078383999,-0.0476399177,-0.0579452295,-0.0043811934,0.0233805751
1.382930416,0.0130239483,-0.1692674071,-0.1689653126,-0.1082638541,0.0771468535,0.0286166755,0.0048779378,-0.0434417495,-0.1920791813,-0.1856789943,-0.0088003653,-0.0055790529,-0.0569033099,-0.0580223098,-0.0861023231,-0.0167852921,-0.0140018194,-0.0254916638,0.0077132078,0.0818884071,-0.0421842654,-0.2503250445,0.038724807,-0.0744125762,-0.0537534729,-0.0322811119,-0.0425831468
1.4102055778,-0.0317466193,-0.1289962264,-0.1704167682,-0.1236091203,-0.0483579501,0.0187868031,-0.0009931958,-0.0472961952,-0.2368715665,-0.1797015153,0.0543980106,-0.0091786513,-0.1036310153,-0.0613891531,0.0113066803,-0.0089572026,0.00705582,0.0422366884,-0.0290233034,-0.1078666652,-0.0588444948,-0.1571198586,0.0529428524,-0.0185658125,-0.0671432623,-0.0417276137,0.0345037572
1.6262682861,-0.0400387634,-0.1096799824,-0.1817544695,-0.0348849323,-0.1095453346,-0.041118218,-0.0796495327,-0.0016412122,-0.2199787003,-0.0798937754,-0.0089171407,-0.0259891616,-0.0136474367,-0.0296101807,-0.0321402682,-0.0268261409,-0.0316549271,0.0165606425,-0.0287745425,-0.0652515054,-0.1054544733,-0.1288051813,-0.0236556167,-0.0410890147,-0.0455746,-0.0519159307,-0.0853378875
1.7683489631,-0.0606759083,-0.146492613,-0.2120985418,0.0238646909,-0.2015192187,-0.0658825141,-0.0268009414,-0.0242924658,-0.2383484861,-0.007246726,-0.0138474041,-0.0872644779,-0.094880845,-0.0480260492,0.0718749248,-0.0323708714,-0.0074624725,-0.1156150424,-0.0547510403,-0.0747090922,-0.0286125541,-0.102424446,-0.0352871131,-0.0516517562,0.0002448833,-0.0573437535,-0.076729129
2.1076202775,-0.0689276459,-0.2119841123,-0.2089616288,-0.0309969513,-0.0937404888,-0.0476500633,-0.0857779081,-0.0394097652,-0.2582446184,-0.0393513061,0.0367276315,-0.0910575952,-0.0760608771,-0.0749035046,0.2070626404,-0.0769217476,-0.0970865912,-0.1439509831,-0.0705980633,-0.1490512113,-0.0326594191,-0.0367168368,-0.0534287638,-0.0542155025,-0.0683274423,-0.067590777,-0.1737967464
2.4206558743,-0.0795016214,-0.2536994861,-0.2130569065,-5.53141846607047E-05,-0.1261334817,-0.1115011897,-0.1088313733,-0.0259574222,-0.2218018441,0.0524818072,-0.0974012179,-0.0624371785,-0.0730167262,-0.10072186,0.1396911373,-0.0907035221,-0.0828340199,-0.085250897,-0.0753670084,0.0595278876,-0.1727711097,-0.0591949375,-0.0753582811,-0.0230231477,-0.1458675101,-0.0829638067,-0.3049068446
2.781740625,-0.0832505373,-0.3173010329,-0.2156724851,-0.1563206036,-0.1988461761,-0.0579132367,-0.1075119065,-0.1150480098,-0.2508595188,-0.0776094832,-0.1424824683,-0.0929276883,-0.0654930581,-0.0779266748,0.0868858809,-0.1138790523,-0.0970970096,-0.0725560044,-0.0601944194,-0.0496409851,-0.1085010989,-0.0618218516,-0.0880618278,-0.1008183037,-0.1061724978,-0.1016414023,0.0509208265
3.2205235193,-0.1347212819,-0.3167776386,-0.2447565154,0.0067142369,-0.1462608033,-0.1477758438,-0.0914349377,-0.1466105821,-0.260169064,-0.140066029,-0.0674703161,-0.1389361532,-0.1036126476,-0.1441975361,0.1741787865,-0.1015601524,-0.0862452312,-0.0755634475,-0.1509053976,-0.0094231768,-0.1392681822,-0.1347204331,-0.071183777,-0.1356933732,-0.1655265297,-0.1326444014,-0.1158930915
3.7717350199,-0.1525446751,-0.3543289998,-0.2950754432,-0.3673345634,-0.1382604988,-0.11641837,-0.1030596559,-0.1537535383,-0.3131009193,0.1126571791,-0.0496528877,-0.1373377146,-0.0877955391,-0.1324429509,0.2235043502,-0.1903730461,-0.1634630211,-0.1213640923,-0.1443723055,-0.1871773983,-0.1665651628,-0.0434838941,-0.080269605,-0.1328405204,-0.1814455898,-0.1656878362,-0.1297483215
4.3739074423,-0.2068145325,-0.388897328,-0.2995020853,-0.2184431246,-0.1902846938,-0.1519753471,-0.1621397427,-0.1868547068,-0.3732367469,0.1197750929,-0.1066082284,-0.1685871485,-0.1131468499,-0.1712602697,0.2289842182,-0.1987359179,-0.1772894522,-0.1363419015,-0.1793762208,-0.1897128269,-0.1898761345,-0.0831117991,-0.1357569069,-0.1623384206,-0.2200803623,-0.1839750893,-0.1283209172
4.96869981,-0.1367579204,-0.3588120541,-0.2974569393,-0.4666817544,-0.2929404205,-0.1436155954,-0.1937304371,-0.1852254374,-0.3215951481,-0.0276444466,-0.207110829,-0.1912397308,-0.1950114263,-0.1995988511,0.2311486729,-0.1819828787,-0.1832858784,-0.1698262636,-0.1532810416,-0.1163818525,-0.1773717145,-0.0722580488,-0.1307549521,-0.1813855164,-0.0935389302,-0.1789442097,-0.343416206
5.3025994011,-0.2085297276,-0.4030890586,-0.410028518,-0.2188340581,-0.0011074649,-0.2044214958,-0.1784496227,-0.2161860805,-0.3324849609,-0.0185060735,-0.1773618766,-0.2041520777,-0.298336092,-0.1873860832,0.2972150497,-0.2424102266,-0.2054978782,-0.1609138504,-0.1846340278,-0.3480471819,-0.1277592551,-0.2011922506,-0.0952947532,-0.1946895235,-0.1701609167,-0.2305762539,-0.379765143
5.6986979224,-0.2396718772,-0.4102492038,-0.3725009219,-0.1688196157,-0.3944979001,-0.2502539478,-0.2371512347,-0.1731987439,-0.3837043575,0.0141092904,-0.3017264678,-0.2281129363,-0.1684387934,-0.1945033429,0.2759095715,-0.219214226,-0.1842062742,-0.1887728751,-0.233616228,-0.1658767027,-0.2471120554,-0.1854579777,-0.1827750225,-0.2252040167,-0.1494886841,-0.2472665387,-0.2368968403
6.0389626354,-0.2434919325,-0.4748278541,-0.4376743786,-0.1171245225,-0.3297741364,-0.2778490432,-0.1916870953,-0.1550955132,-0.4118800221,-0.0503075006,-0.1557428057,-0.2491324484,-0.2777184086,-0.204462559,0.3083206219,-0.2355662467,-0.2295799075,-0.2025954617,-0.2549026958,-0.178783831,-0.2120970323,-0.1565642264,-0.1831740632,-0.2078734357,-0.2863682249,-0.2468062281,-0.376203684
6.1417389715,-0.2282177075,-0.5035469869,-0.4460828625,-0.2747490064,-0.2594491407,-0.1963673409,-0.2417683447,-0.2644743085,-0.391791359,0.0009176506,-0.3363309286,-0.2229763323,-0.1805840301,-0.2524441506,0.2323058055,-0.2330333155,-0.2671698358,-0.2474964918,-0.2296794523,-0.1148211426,-0.2883029978,-0.1093408618,-0.1882613027,-0.2326681934,-0.240635753,-0.2649486785,-0.1598219034
6.0974472691,-0.2659737302,-0.4646461122,-0.4695048576,-0.17453856,-0.2090171169,-0.1628888582,-0.267127371,-0.3000714287,-0.4247807957,-0.1370417369,-0.1931009512,-0.2636920579,-0.2199674488,-0.2669702173,0.324148122,-0.1839449091,-0.2208644319,-0.2254177729,-0.23633108,-0.1391424728,-0.2318353652,-0.2018344646,-0.2039548881,-0.2705662255,-0.2400700989,-0.2760238845,-0.172288555
5.8532476962,-0.2080443706,-0.3957271362,-0.4388305378,-0.2867806758,-0.2042910631,-0.2115240403,-0.1790228634,-0.2565978769,-0.4287595492,-0.0096915467,-0.1979091987,-0.2331451002,-0.1979191488,-0.2306621102,0.3035107948,-0.2086809907,-0.2682546876,-0.2332574803,-0.2281248011,-0.259210543,-0.2167444987,-0.132113849,-0.2143117266,-0.2588231265,-0.2024221013,-0.2601862552,-0.1957232132
5.6516287965,-0.2039274792,-0.3575158069,-0.4082668843,-0.3104508131,-0.3372196091,-0.2133939409,-0.1973382133,-0.1527611329,-0.3461546215,-0.0072403777,-0.2750458348,-0.2150461735,-0.1677950914,-0.185660815,0.1949733225,-0.1778739451,-0.2222162834,-0.2522431388,-0.2043735603,-0.1381816723,-0.2429488271,-0.2306751083,-0.122248613,-0.2108069791,-0.2815986382,-0.2143870335,-0.1712315263
5.3608774009,-0.1758703966,-0.3674172735,-0.4405519867,-0.2738180165,-0.2243188918,-0.2462758751,-0.1412727155,-0.1894318718,-0.3226499759,-0.0852210598,-0.1343800768,-0.2135025785,-0.0757919036,-0.1597327999,0.1553224889,-0.160961299,-0.1998346819,-0.2494361092,-0.1852798026,-0.1296206903,-0.2316283431,-0.2617090396,-0.136717962,-0.1706905077,-0.1227413813,-0.2169959599,-0.4003486915
5.0702056321,-0.2126108186,-0.3589526501,-0.4065977022,-0.293224423,-0.2294559715,-0.0858110536,-0.2199052915,-0.2123103037,-0.3357063031,-0.1712996065,-0.195388002,-0.1640581637,-0.1510056891,-0.1768180028,0.1873278617,-0.1420453692,-0.1446608579,-0.18772215,-0.1262272307,-0.0951216581,-0.1213810921,-0.3125278367,-0.1434629663,-0.2122507056,-0.1354947494,-0.1951824339,-0.2283124627
4.9384184348,-0.2109935868,-0.3181118285,-0.409924971,-0.1851883832,-0.161504057,-0.1574586328,-0.1259456486,-0.1819959162,-0.3362953948,-0.0516785322,-0.1598491997,-0.1761862019,-0.1928933838,-0.1706341149,0.1099527375,-0.2022489965,-0.1752671957,-0.102651432,-0.1322643557,-0.1834436018,-0.2201652892,-0.3227199858,-0.1108651461,-0.1686649337,-0.230297617,-0.1758045482,-0.185318219
4.7589240308,-0.1650736057,-0.2909132833,-0.4621002734,-0.2268655447,-0.0875419165,-0.2483520226,-0.1340200185,-0.1612062235,-0.309486242,-0.1441237094,-0.1666960225,-0.1420261755,-0.1088969921,-0.1609023064,0.1507675081,-0.145331736,-0.1477284479,-0.1571514813,-0.1391894562,-0.1265463357,-0.109642946,-0.2886819198,-0.1408895189,-0.1515250301,-0.1423280921,-0.197436078,-0.3550361607
4.8221453448,-0.1605937272,-0.2812707452,-0.467241716,-0.2484314546,-0.1131260629,-0.2275217255,-0.1585242958,-0.1189998054,-0.2783639789,-0.1180629956,-0.1665579665,-0.1638704393,-0.1729356723,-0.1479737066,0.086077923,-0.1714431244,-0.1092533883,-0.1619236172,-0.1762403637,-0.2069119376,-0.1017925885,-0.3239574729,-0.1409479406,-0.1211965192,-0.1641865608,-0.1974524462,-0.2094430166
5.0222726939,-0.175365281,-0.2961948489,-0.4654222158,-0.238300785,-0.1198743355,-0.1882886981,-0.2036159786,-0.1663491425,-0.2728531614,-0.2011388037,-0.196561253,-0.1881855505,-0.2328451616,-0.1576839685,0.2225555323,-0.1844091018,-0.1637695099,-0.1634949766,-0.1681777834,-0.3455121841,-0.0655275441,-0.2375147946,-0.1288941363,-0.1992441341,-0.1531721884,-0.1788429864,-0.1535897025
5.4459324759,-0.2527976933,-0.3218880456,-0.4735777507,-0.226047312,-0.1157160272,-0.2242548558,-0.2291700089,-0.1408203256,-0.3427328914,-0.1278125239,-0.1664625827,-0.2167470233,-0.2159962409,-0.2017029145,0.115703453,-0.1804956447,-0.179957439,-0.2537871955,-0.2009867165,-0.2073969508,-0.1668090429,-0.2874115139,-0.1159749625,-0.174626868,-0.2151787445,-0.1990585161,-0.1242261389
6.0148794454,-0.2272045042,-0.3370389377,-0.4674247016,-0.2303223844,-0.2140922063,-0.2512763274,-0.1950263406,-0.1627479331,-0.3302270385,-0.1456892432,-0.2263485736,-0.2115320043,-0.2140521629,-0.1929315749,0.1536810936,-0.2082354955,-0.1782975305,-0.2492609194,-0.1867860309,-0.1933790556,-0.1801458221,-0.3092453809,-0.2038198591,-0.1610621813,-0.28255338,-0.2137432944,-0.3961176566
6.7560441548,-0.2742312155,-0.4223171625,-0.4965975732,-0.415924871,-0.2294572932,-0.3059052586,-0.2665524016,-0.1910051702,-0.3637471686,-0.0819829588,-0.1955117613,-0.2455375985,-0.2528501672,-0.2352005992,0.2016668219,-0.2014847034,-0.2184674899,-0.2508826917,-0.2454189494,-0.2637116931,-0.3102788786,-0.2364750494,-0.17256729,-0.2382700091,-0.2639801591,-0.2605067499,-0.3188461137
7.4919317443,-0.2749947323,-0.4712271082,-0.5350542202,-0.3853368837,-0.2839413944,-0.2885475308,-0.294151791,-0.2888787032,-0.406798061,-0.1352867382,-0.3094736112,-0.2900987351,-0.2896569602,-0.2795670652,0.3254861107,-0.2472119412,-0.2817483841,-0.3022540242,-0.2983426022,-0.3074415843,-0.2242050933,-0.2009896717,-0.1936713509,-0.2690552844,-0.3726823165,-0.2759780807,-0.3108239871
8.1815239609,-0.3356396031,-0.5344938104,-0.5936171625,-0.2951185163,-0.3578453122,-0.2872982592,-0.324957375,-0.2785599848,-0.43725783,-0.0624391303,-0.316950385,-0.3421495368,-0.3660715749,-0.3630837273,0.4358736549,-0.2871106978,-0.3010659955,-0.3835411963,-0.3070601066,-0.2468503113,-0.3297500074,-0.2190525035,-0.2689680675,-0.302881434,-0.3681062642,-0.3163291626,-0.3911996614
8.6933634564,-0.3215026334,-0.6034122561,-0.6252232631,-0.517622915,-0.3866001471,-0.3268848985,-0.3188159894,-0.3012619508,-0.414925835,-0.2037862127,-0.1806171137,-0.3224612198,-0.322512148,-0.3359242994,0.279384541,-0.3172938643,-0.2764883882,-0.215144063,-0.3241052266,-0.3822333035,-0.3006317166,-0.3893882072,-0.2813175303,-0.304202462,-0.3064461215,-0.348963874,-0.344982358
8.9110371632,-0.3025551322,-0.6167084536,-0.6942228797,-0.390783516,-0.4347808492,-0.298547041,-0.2931299736,-0.3141884257,-0.444164225,-0.1445424999,-0.3354654751,-0.2976003448,-0.2384405797,-0.3204766174,0.2836199713,-0.3273737039,-0.3244732756,-0.2414820544,-0.3177377436,-0.360771068,-0.2972171974,-0.4290353964,-0.2817275856,-0.3163259971,-0.3806402699,-0.3386951396,-0.4535716902
8.8917967084,-0.303630601,-0.6667348787,-0.7291153485,-0.4492970627,-0.3076063994,-0.3052049969,-0.3795645185,-0.3002575544,-0.4752771993,-0.1072322893,-0.2398433457,-0.3186827378,-0.3055774861,-0.3441207308,0.3023957085,-0.3540876801,-0.2766171713,-0.363779174,-0.3191306091,-0.3133069326,-0.2732229434,-0.4941676329,-0.2726704343,-0.3250522318,-0.3031089855,-0.3473825854,-0.3195208876
8.6179593105,-0.2591176775,-0.7472654307,-0.7506950413,-0.5774629009,-0.220849598,-0.3678896756,-0.2467967949,-0.2679490276,-0.4123653498,-0.1552349022,-0.3888588518,-0.3069935791,-0.320257632,-0.2263602423,0.2010235944,-0.3443010961,-0.319001492,-0.2278045143,-0.291527866,-0.259955051,-0.2993680831,-0.3661689237,-0.2797260888,-0.3180526653,-0.1415199557,-0.3235465713,-0.3999138939
7.8392614422,-0.2034783267,-0.8130428915,-0.7473814914,-0.3232188932,-0.3366479799,-0.2527045946,-0.2604192626,-0.2522180849,-0.3648215007,-0.3437585824,-0.175552492,-0.2294731385,-0.2495215852,-0.1690662709,0.1420284689,-0.3202454328,-0.2115450614,-0.2663081422,-0.2287696294,-0.2396688978,-0.2476723318,-0.4908625928,-0.2040733961,-0.2847823664,-0.2736456816,-0.2935092275,-0.1989020569
6.8409259357,-0.0995106933,-0.8485577134,-0.6658556656,-0.1595494137,-0.1858616844,-0.2479548325,-0.2160600967,-0.2508578199,-0.3311503612,-0.4015652704,-0.199040809,-0.1455180025,-0.1484715345,-0.1119806628,-0.1008022479,-0.1998326871,-0.1701677943,-0.0739717531,-0.1268156233,-0.1607891844,-0.1970797269,-0.6847517606,-0.1961979989,-0.2127279895,-0.1338180498,-0.2441604775,-0.3278760825
5.805750141,-0.0813814762,-0.8199187976,-0.5994482497,-0.0932074878,-0.3920662256,-0.1463275021,-0.0121057833,-0.2520686953,-0.2608822763,-0.5964988386,-0.0980188961,-0.0813178242,-0.1009130416,0.0133235454,-0.2327606417,-0.1512158887,-0.0174853051,-0.1144893452,-0.0726797787,-0.1623705287,-0.016076887,-0.7069415215,-0.0963757816,-0.1856030583,-0.2120356817,-0.222663815,-0.094220359
4.7378508445,-0.0124992125,-0.6574776907,-0.5278423719,-0.2716875836,-0.0450914895,0.3591476545,0.047009868,-0.4728625153,-0.1473795039,-0.7576931285,-0.1571053402,0.0235841568,0.1005140453,-0.0726594023,-0.4724835513,0.0117350895,-0.0073676905,0.0264588319,-0.0054161742,-0.0873079765,0.00622002,-0.934060032,0.0175561088,-0.2729656092,-0.211979211,-0.1916534935,-0.0245446426
3.8961701823,0.0153580879,-0.1760655397,-0.4092383941,-0.2005897098,-0.3642801813,0.5102636839,0.0488987831,-0.4936541709,-0.1333111099,-0.8203510146,-0.0666793139,0.0481770552,0.13691191,-0.191473131,-0.6943077253,-0.0007922575,0.04837193,0.0164776183,0.0337076805,-0.1226514328,0.1138028115,-0.9577787991,0.0793530886,-0.3309596294,0.2155051809,-0.1347342368,-0.0661313662
3.5224580861,-0.0334002181,0.2061887441,-0.4440288919,-0.116502522,-0.1214851238,0.0186587357,0.104767197,-0.1693522878,-0.2172624656,-0.7146901885,0.0394036336,-0.0412632222,-0.159409585,0.0849407628,-0.3770862951,-0.0617776776,-0.0862191705,-0.1242921951,-0.0112188732,-0.0583909424,-0.0555906431,-0.7229659084,0.0552699007,-0.1045740262,0.0221128154,-0.1454283176,-0.2888613216
3.1000437213,-0.1125897002,0.2631844924,-0.485409305,-0.1153767062,-0.0051597509,-0.1597751334,-0.0188604878,-0.0864547882,-0.2042060098,-0.467751425,-0.06052815,-0.0681625423,0.0165920235,0.0501188853,-0.1957861758,-0.1002859083,-0.0962633333,-0.0823721783,-0.0560929152,-0.0512668207,-0.1233089479,-0.4652578898,-0.0112484017,-0.0654709103,-0.0725825276,-0.1292470449,-0.1964820696
2.7893099129,-0.0605388406,0.3941726145,-0.4351892003,-0.0261412853,-0.2005011036,-0.1252306239,-0.0693405222,-0.0792834216,-0.2136974452,-0.268087976,-0.0661883919,-0.0689823741,-0.0248206301,-0.0247882958,-0.2149207711,-0.0915254999,-0.089858713,-0.0568729013,-0.0590133419,-0.0162698401,-0.01785378,-0.4083793835,-0.013182043,-0.0605981535,-0.1364698222,-0.1080622829,-0.2476858844
2.4604656314,-0.0597124138,0.4389386409,-0.3795880635,0.0174518303,-0.0597246649,-0.1730728899,-0.1213536146,-0.011539523,-0.1437190781,-0.2868088004,-0.0133051685,-0.0565965513,-0.0386807311,-0.0837225044,-0.1979739375,-0.0627408536,-0.0781286097,-0.0741815298,-0.0746817698,-0.1684101188,-0.059082682,-0.3362328741,-0.0687426077,-0.0111832842,-0.1522271749,-0.073430759,-0.132015898
2.3242415173,-0.0553239218,0.3635331763,-0.3758240586,-0.1635776587,-0.1208578049,-0.0203966609,-0.1340361692,0.0095260674,-0.2287997859,-0.2378245645,-0.1400808926,-0.0912892951,0.0554657025,-0.0643222285,0.0582499285,-0.0953357051,-0.0698528673,0.0440787504,-0.0627728304,-0.126572572,-0.0133125043,-0.2702697861,0.0023244824,-0.0245787995,-0.173987446,-0.0770068272,-0.3113972462
2.2988820792,-0.0956898593,0.2751012963,-0.3497992789,-0.0881040834,-0.0816516237,-0.1761610595,-0.0902975897,-0.0035357452,-0.2039503437,-0.0915142413,-0.0583280709,-0.0809761947,-0.073561419,-0.0771875628,0.0384880094,-0.0773824712,-0.0550138083,-0.1349972488,-0.0924907429,-0.1446750808,-0.0873987844,-0.0940692449,-0.0451167084,-0.0322434266,-0.1486415713,-0.0913631301,-0.1383220949
2.2306287241,-0.1156037367,0.2383558088,-0.32121194,-0.2970937567,-0.1097769317,-0.0934351513,-0.0844168598,-0.0453135059,-0.2357824694,-0.0433131085,0.0029817121,-0.1148292133,-0.1565725137,-0.0922805771,-0.0082180414,-0.0847244342,-0.0804390886,-0.0908918137,-0.0921688133,0.0583046048,0.0005122097,-0.0932806272,-0.000051392,-0.0689333984,-0.1442941835,-0.073621598,-0.0845299049
2.1017205048,-0.0446918811,0.2039565352,-0.2683602162,-0.0433505203,-0.0869335151,-0.0565129768,-0.0955554991,-0.0470031426,-0.1261494315,-0.0779697748,-0.2455228905,-0.0652125353,0.0239792874,-0.0896662042,-0.0408217262,-0.0772472237,-0.0903811708,-0.0888958486,-0.0597768872,-0.1449016667,-0.0162585469,-0.2364018582,-0.0369112881,-0.0297651875,-0.1037703196,-0.0722475128,-0.0853485035
2.1643388877,-0.118649852,0.1897267897,-0.27824205,-0.1755322725,-0.0259508506,-0.0152119476,-0.0824971871,-0.0313529891,-0.1581934185,-0.217600653,-0.1023566215,-0.0684555142,-0.0785081435,-0.0983925177,-0.0801231683,-0.078826851,-0.0643312782,-0.0381791066,-0.0650584769,0.0254703856,-0.1064263743,-0.2162102601,0.0176528952,-0.0057477283,-0.03870865,-0.0546507093,-0.1979823376
2.212957377,-0.080822602,0.1222200135,-0.2484047174,-0.0954236327,-0.2170776016,-0.0267312075,-0.0710451147,-0.0029272794,-0.1473991284,-0.148928796,-0.0485744221,-0.0565051944,0.0096278345,-0.0543149175,-0.0797402009,-0.0123461248,-0.097963658,-0.1487445836,-0.058138314,-0.1080047252,-0.0501177723,-0.2730905068,-0.011269398,-0.0369206457,-0.018340654,-0.0879619485,-0.1640120796
2.1750021564,-0.0998287089,0.0730955963,-0.2830865571,-0.0550279742,-0.2388932806,-0.0541214771,-0.1092410081,-0.0287484453,-0.1657316741,-0.1682830101,-0.0741890773,-0.0745718828,-0.0442824945,-0.1128214499,0.0164929503,-0.0407900829,-0.0547800378,-0.043563895,-0.0575397578,0.0044577513,-0.1024581752,-0.1809100845,-0.0414642288,-0.0478296339,0.0352087241,-0.0416561067,-0.1844381359
2.3221967212,-0.0725628336,0.0321795473,-0.3128217619,-0.0437701557,-0.0518695808,-0.1277255707,-0.0860519444,-0.0835486969,-0.1798665514,-0.2406685628,-0.0285921427,-0.0793894203,-0.1978889776,-0.0831333036,-0.0480599033,-0.065640157,-0.0546447224,-0.0704046876,-0.1110579613,-0.0006052186,-0.0692226957,-0.2258543566,-0.0334367297,-0.0463977039,-0.0144358294,-0.0779023068,0.0511755061
2.5280192858,-0.051085288,0.0314389114,-0.2864818479,-0.2325893179,-0.2015897032,-0.0570205934,-0.0812543542,-0.0426950693,-0.1701787857,-0.1548063093,-0.1449909678,-0.0844939741,0.0250256646,-0.0838352753,0.0198991039,-0.0773536724,-0.0858723953,-0.1516482834,-0.0761609017,-0.0278343248,-0.0156673828,-0.1747377033,-0.0107993699,-0.0441557766,-0.1069675693,-0.0861801295,-0.1559839704
2.7009095425,-0.0515269082,0.0081450853,-0.3113506349,-0.2455854465,-0.0762927922,-0.0914884895,-0.1427572424,-0.0704101583,-0.2093486126,-0.2060108551,-0.0674777944,-0.0764618022,-0.0768620115,-0.0487437526,-0.0121165352,-0.0576969873,-0.0554305437,-0.1043076455,-0.0717689188,0.0370120187,-0.1016926555,-0.2615638242,-0.0259203676,-0.0614490863,0.0437882173,-0.0920754383,-0.271516361
2.7094688428,-0.0942466161,-0.0125216792,-0.2804082548,-0.1568359362,-0.0948207886,-0.0992062477,-0.1150514933,-0.0335412535,-0.1659572317,-0.1992006623,-0.1232926625,-0.0734379625,-0.025713633,-0.0766031528,0.0406738574,-0.0976272953,-0.0608328879,-0.1823121449,-0.0604538012,-0.1001703286,-0.1555115689,-0.2016169946,0.014414787,-0.0703041507,-0.0900110935,-0.057412148,-0.1374674991
2.9349332498,-0.0808049857,-0.0269496954,-0.3250942742,-0.130324798,-0.1778579832,-0.0641245503,-0.1042757824,-0.070985229,-0.2239738431,-0.0741096186,-0.0220148156,-0.0974056804,-0.0676006919,-0.0822622038,-0.0314125215,-0.0675740929,-0.0971819358,-0.1147772176,-0.1004293384,-0.1653233522,-0.1829572991,-0.2163169464,-0.034758738,-0.0945250888,-0.1017164479,-0.1038169246,-0.0763591951
3.0516335723,-0.0912435323,-0.0738291349,-0.3610104911,0.0445684464,-0.1181465918,-0.114772179,-0.1339457296,-0.1291618145,-0.2227928427,-0.1699612209,0.0090971564,-0.1431216515,-0.1941416375,-0.0820576662,-0.0590001028,-0.0776119943,-0.1414500866,-0.0962541962,-0.1094997537,-0.1197580944,-0.1453195413,-0.1561464372,-0.066149446,-0.1541074413,-0.1011704313,-0.104638955,0.0599917969
3.2541138551,-0.1021795781,-0.0519283694,-0.3573914073,-0.2038584045,-0.1593873543,-0.1151890896,-0.0663452388,-0.0644272801,-0.2229823148,-0.0756854908,-0.0912149136,-0.0932958253,-0.1039548174,-0.0835005088,0.0624877943,-0.1008377121,-0.1058744633,-0.0149733858,-0.1049803788,0.0313562467,-0.1799500416,-0.2350404836,-0.0843191919,-0.1198869616,-0.1293756358,-0.1045340604,-0.3768449883
3.543966711,-0.1242684443,-0.0939852638,-0.3574735589,-0.1764081463,-0.2346841383,-0.1219179787,-0.1546844166,-0.0744831557,-0.2337643402,-0.1364277016,-0.202961657,-0.1159596644,0.0105428982,-0.1155371887,0.0715431247,-0.0921452197,-0.1209063861,-0.1061050412,-0.1341228362,-0.1548280041,-0.1170819416,-0.2161253491,-0.0651990151,-0.1263397254,-0.1495244943,-0.1191206496,-0.0819984173
3.7964195278,-0.0866857773,-0.0982274802,-0.3838872825,-0.2282739441,-0.2138563862,-0.1466220281,-0.1421958298,-0.1152436506,-0.210363609,-0.1592982186,-0.0353817075,-0.1587478346,-0.1324629092,-0.1621018623,0.0556383553,-0.1450178108,-0.1161949066,-0.1692489072,-0.1429935411,-0.0649248495,-0.1706056317,-0.2317963815,-0.0384542743,-0.1502244361,-0.0669517265,-0.1477804663,-0.1345164317
4.0016413399,-0.1162055668,-0.1431254038,-0.3925720449,-0.3047235332,-0.1860095962,-0.1722297245,-0.1530248717,-0.1391297463,-0.2392428993,-0.1484295924,-0.1787560201,-0.1435347186,-0.1175154437,-0.0824274326,0.0328204592,-0.1601488251,-0.1440501738,-0.1735687649,-0.1237717458,-0.1585268864,-0.0524830778,-0.1902418776,-0.0685532064,-0.0965041448,-0.0647147291,-0.1134394032,-0.1715323701
4.1401508185,-0.1882737021,-0.1541630523,-0.4170569899,-0.0656270694,-0.054668985,-0.1357420308,-0.1665256993,-0.126328186,-0.2513518495,-0.2346118419,-0.0903126717,-0.1180054579,-0.1025373867,-0.1238218786,-0.0086808517,-0.1148229747,-0.1640190615,-0.1635433239,-0.1413197419,-0.2059522866,-0.0569488493,-0.3327322893,-0.0962925824,-0.0842717643,-0.1944489665,-0.1374988918,-0.2105924337
4.4186307629,-0.1273503786,-0.1499552889,-0.457582886,-0.3096856519,-0.2353282691,-0.1275930655,-0.1733236786,-0.1499716573,-0.2210206734,-0.2902789043,-0.1383098704,-0.136432733,-0.1406974178,-0.1383334049,0.2242385104,-0.2125146336,-0.1674526763,-0.1018908177,-0.1296494346,-0.1020272982,-0.239274055,-0.3508264002,-0.0992279054,-0.1531308077,-0.1338015763,-0.141440744,-0.0157690446
4.6377245336,-0.1288849867,-0.126040322,-0.4620153109,0.050094533,-0.3801326257,-0.1159660671,-0.1521455807,-0.1715787321,-0.2904014257,-0.217480197,-0.2220514416,-0.1296022793,-0.1509599028,-0.1791624144,0.0090468484,-0.15540477,-0.1313591216,-0.1551081447,-0.1493633501,-0.1698109204,-0.1182115841,-0.3385805815,-0.1281044099,-0.1362628051,-0.1385047101,-0.1489068681,-0.2008273634
4.8352007589,-0.1515518005,-0.1142379667,-0.483424734,-0.1820954086,-0.2751889215,-0.2289439088,-0.1524936434,-0.1798551216,-0.329754505,-0.062113909,-0.2309903522,-0.1574837066,-0.204773601,-0.1892452324,0.1177499752,-0.2066906817,-0.1480654254,-0.060594669,-0.1537605614,-0.2588411405,-0.0624122666,-0.2752998359,-0.1298596656,-0.1672978528,-0.1087087402,-0.1473415354,-0.2919255482
5.0878333754,-0.2213601622,-0.1380164845,-0.478384515,-0.1909562446,-0.2536615329,-0.1690828379,-0.2059097239,-0.2096163567,-0.2872204109,-0.1554882618,-0.1736105943,-0.206833704,-0.1297129174,-0.2167728311,0.0584258848,-0.1755017019,-0.2106786528,-0.1492739816,-0.1894831979,-0.1678770702,-0.1957057745,-0.2844148635,-0.1395075991,-0.1754903693,-0.0136465742,-0.2073901007,-0.2006627976
5.4963624177,-0.187677888,-0.1228891398,-0.462269093,-0.3194360608,-0.3096635943,-0.1858974584,-0.1889178992,-0.1868029849,-0.321327371,-0.0894851024,-0.1734463594,-0.211292797,-0.1395851029,-0.1487984406,0.1214674057,-0.1947929877,-0.2224441075,-0.1912440848,-0.1918873898,-0.188160755,-0.1473537979,-0.2917968938,-0.1442640379,-0.2099949599,-0.3059274139,-0.202108282,-0.2803658215
5.8480639686,-0.1913794917,-0.1967708661,-0.4714693732,-0.411922903,-0.2055835433,-0.2381306062,-0.2517540018,-0.2048087789,-0.3094220901,-0.0381683372,-0.1018019249,-0.2304194206,-0.191970828,-0.2461879771,0.1935168192,-0.2218123869,-0.2193109538,-0.2741851936,-0.2304155792,-0.2525474179,-0.2396258967,-0.2862189237,-0.218308993,-0.1774586896,-0.1445054502,-0.2335809438,-0.2538202173
6.2353736439,-0.2553464592,-0.2164791401,-0.4789925878,-0.4577662529,-0.3650067461,-0.2481278292,-0.2384518323,-0.2504682126,-0.2809950269,-0.0885775545,-0.1592634439,-0.2340802356,-0.223648909,-0.2814192728,0.2291304815,-0.2336525372,-0.2180834527,-0.1735529856,-0.2617470875,-0.1344890208,-0.3088070156,-0.2054832044,-0.1841156541,-0.2443653305,-0.1563611502,-0.2609311276,-0.3042920562
6.7336051894,-0.2938090289,-0.2324834614,-0.5320392358,-0.2482537449,-0.2658399349,-0.3010304625,-0.2605310183,-0.2348843107,-0.3498669842,0.0384418421,-0.2411732738,-0.2620980735,-0.2653474565,-0.2703368799,0.2958103849,-0.2568964145,-0.2967997863,-0.3035242446,-0.2608570009,-0.3313892616,-0.2439712123,-0.178477213,-0.2283901652,-0.263206928,-0.3072590332,-0.2542096351,-0.3851826564
7.6057919557,-0.3275876454,-0.3075268684,-0.5781718223,-0.295540839,-0.3581634142,-0.3100186663,-0.3127446642,-0.3201393643,-0.4124671422,0.0891903971,-0.3002089711,-0.3283625748,-0.3945108296,-0.3072666133,0.4916671594,-0.3056028327,-0.3175343668,-0.3461936048,-0.3038314308,-0.2772913628,-0.2935290773,-0.0912953105,-0.2728787046,-0.3307293348,-0.2868292853,-0.3337976501,-0.4744271366
8.6539134295,-0.3661229684,-0.3407436448,-0.6008863837,-0.2809211862,-0.3662380368,-0.3513737415,-0.3507488683,-0.3565756267,-0.4763909173,0.0218528653,-0.3562371451,-0.3497967472,-0.4365261141,-0.3678398148,0.4156266586,-0.348507807,-0.3915400986,-0.3533508434,-0.3392315371,-0.315475237,-0.4220655666,-0.1681600415,-0.3039799446,-0.3835403223,-0.3098321697,-0.345510469,-0.4097977214
9.7199990558,-0.4140540769,-0.3943055574,-0.6957777341,-0.3280096545,-0.4913222679,-0.4254052475,-0.4004893019,-0.413068667,-0.4585828098,-0.0777004761,-0.3118571607,-0.3809542796,-0.3938890559,-0.341222645,0.4310201671,-0.3560995672,-0.4126965576,-0.3617357552,-0.3736023767,-0.3080935683,-0.4282525914,-0.3805515994,-0.3231702761,-0.3946847882,-0.4638393132,-0.4240709782,-0.3975829171
11.4314837129,-0.435604423,-0.4662160458,-0.7864342245,-0.4372890323,-0.6123151297,-0.4185597215,-0.4433990639,-0.461724143,-0.5546293246,-0.1678349859,-0.3974977538,-0.446748868,-0.4934413904,-0.3964351746,0.350810774,-0.4617054319,-0.4601929693,-0.4867415118,-0.418016363,-0.4265487802,-0.4839965713,-0.4612696479,-0.3482794622,-0.4480883703,-0.3777709719,-0.4650824645,-0.4264726615
13.4707038669,-0.5369873451,-0.5191562938,-0.8722077933,-0.7140483069,-0.5072560754,-0.5415833576,-0.4942772138,-0.5388504687,-0.6284834853,-0.034433218,-0.5156513833,-0.5380360313,-0.5492213617,-0.5452820885,0.6834054938,-0.5553598475,-0.4812124072,-0.49983663,-0.560759714,-0.5175395513,-0.5977121896,-0.4702087859,-0.5056653863,-0.5588616173,-0.6381982595,-0.5395844921,-0.6936960572
16.159485285,-0.6983871897,-0.6641039951,-1.0204606893,-0.7465187809,-0.6186701746,-0.6847566114,-0.6578567269,-0.7306678051,-0.7643498617,0.0712402911,-0.6558749712,-0.6907352427,-0.7010439633,-0.7023170853,0.9246648725,-0.7406550165,-0.6781012773,-0.6727556636,-0.6658981237,-0.6651236141,-0.6230571509,-0.2936247089,-0.6592748243,-0.6826734098,-0.6393589229,-0.6857586814,-0.8133659581
18.8754346739,-0.7852315915,-0.8178670059,-1.1020404787,-0.7781978662,-0.7873341716,-0.8269221314,-0.7684931484,-0.8677052286,-0.8670437461,0.0800817789,-0.9174006023,-0.8311021977,-0.7564962033,-0.8157719433,1.1091007296,-0.8030686809,-0.7954673055,-0.7522452202,-0.7991470196,-0.8885903659,-0.7886172847,-0.312719905,-0.7067610953,-0.8275915138,-0.7609334568,-0.8115244503,-0.8963445694
21.8083370302,-0.9346774761,-0.931367504,-1.2651693103,-0.9516936813,-1.1914528409,-0.9538878617,-0.8976455492,-0.9688167788,-1.0801057359,0.1036707798,-0.9454742706,-0.9297218857,-0.8581223634,-0.9079944422,1.3511723398,-0.9479140869,-0.910558529,-0.9456135791,-0.9343761217,-0.7839015367,-0.9506917794,-0.4050849734,-0.8810512769,-0.8866294544,-0.8609033797,-0.940897606,-0.9994281266
24.7661453288,-1.0405814021,-1.0447269676,-1.3964345879,-1.1350011995,-1.3324137597,-0.974472113,-1.0711438793,-1.0974003822,-1.145935585,0.2084107121,-1.1362209578,-1.0330803705,-1.0248294877,-1.1044560304,1.5084864354,-1.0699116065,-1.0333778789,-0.9643020802,-1.042505584,-0.9814605329,-1.0033314349,-0.3602803173,-1.0146556702,-1.1253987662,-1.2087542726,-1.0646337429,-1.0777338666
27.771171772,-1.183027362,-1.13007011,-1.6087200389,-1.233551947,-1.2006575251,-1.1897032292,-1.2406561109,-1.3213592735,-1.3036792444,0.393791547,-1.32429925,-1.2133038221,-1.3276721054,-1.2009010546,1.8115668395,-1.2539846262,-1.1912105384,-1.2051806024,-1.2037696971,-1.1564960905,-1.1413837567,-0.2340322498,-1.1854670533,-1.2804231154,-1.1961554026,-1.2327598326,-1.2180661206
30.6525808017,-1.3589577083,-1.2645767849,-1.7966824326,-1.4415206376,-1.3630439905,-1.3810046309,-1.4024766448,-1.4556154612,-1.4981544477,0.7101298715,-1.463799281,-1.3399231888,-1.4832360535,-1.3934151072,2.2546044737,-1.418232679,-1.4004586944,-1.2708473227,-1.3499791185,-1.2313932156,-1.3512903239,-0.1091264901,-1.2705216874,-1.4298156804,-1.3458816132,-1.3843232326,-1.4130387204
32.2943973904,-1.4352514927,-1.271842415,-1.8035958776,-1.4415103804,-1.5843151577,-1.3595842539,-1.4559669936,-1.4290012708,-1.5141403012,0.3325103819,-1.3819691427,-1.4142053033,-1.3472384686,-1.4980222172,2.2253814919,-1.4235887828,-1.3780001176,-1.4800941489,-1.3910245889,-1.3278549997,-1.4583674615,-0.4291474652,-1.3565223205,-1.4255204435,-1.3348985863,-1.4218982931,-1.4887287816
32.9872015989,-1.434445036,-1.2309671374,-1.85724092,-1.5029515035,-1.1658633145,-1.2946092015,-1.3787318992,-1.3898360675,-1.574078345,-0.1948357848,-1.342749957,-1.3972000408,-1.2874254951,-1.4008502916,1.783789504,-1.3299641432,-1.4411205858,-1.4198568835,-1.4087921485,-1.3082104472,-1.4550589846,-0.8928942884,-1.2188256899,-1.3810641522,-1.55932919,-1.4201176882,-1.4839719075
33.2343000163,-1.4726879527,-1.2484782395,-1.8546970944,-1.3440313583,-1.420354521,-1.4836731841,-1.3822625101,-1.4286831942,-1.5389041833,0.0281934413,-1.306119651,-1.4508128199,-1.3182652127,-1.3969986801,1.6772157578,-1.3010465159,-1.3676297203,-1.3550677588,-1.4194375896,-1.5109464615,-1.448695861,-0.8247468337,-1.3035354049,-1.4310536174,-1.3497605929,-1.3941352201,-1.5876850381
32.7872285252,-1.4660494263,-1.3478509465,-1.9765731302,-1.7357997735,-1.4889278947,-1.3907719964,-1.5320948752,-1.5615021362,-1.6476229535,0.7011888764,-1.3162648685,-1.5050482544,-1.5617358245,-1.5311116717,2.5544409506,-1.5548215553,-1.4747815281,-1.505847674,-1.4896923207,-1.4097332673,-1.3114367573,-0.1095484785,-1.3814091595,-1.5057479004,-1.3042558994,-1.5024294705,-1.4318005894
30.8357044291,-1.3436539977,-1.1760689208,-1.9247610299,-1.7120281239,-1.8072577852,-1.3470921224,-1.3772907867,-1.425997021,-1.3701156145,0.7680076805,-1.424335128,-1.3863324713,-1.5935633138,-1.3684058573,2.5568863521,-1.3497863786,-1.39266938,-1.3174629074,-1.375161695,-1.4081104406,-1.1705741613,0.1161534799,-1.3958082759,-1.4191964051,-1.2580091133,-1.3638908592,-1.5691801524
27.4746845508,-1.0839121348,-0.9483475646,-1.6729611101,-1.2961185519,-1.2123473609,-1.1248212418,-1.1823031579,-1.2258465656,-1.4235162824,0.4753396901,-1.1066954306,-1.1763832924,-1.0371656656,-1.1525201839,2.1456241021,-1.2735585605,-1.2302052278,-1.1743690686,-1.1780117247,-1.5105353703,-1.314253506,-0.0526387935,-1.0354151664,-1.1434963529,-1.6498769323,-1.1364298161,-1.7539192813
23.5315914388,-1.0089801254,-0.7542924824,-1.462443387,-0.9225432588,-1.0151017496,-0.9544991886,-0.9953073087,-1.0404935536,-1.2233060996,0.2748931319,-1.2864200876,-0.9999574407,-1.0765593745,-1.0740584543,1.5968659427,-1.0084158354,-1.046479415,-0.9748736236,-0.9992502721,-0.8897546887,-0.8580733745,-0.3373287269,-0.890859772,-1.0904075015,-1.0447855149,-0.9757176555,-1.4734416227
19.6436409475,-0.8700688857,-0.5983592672,-1.3490310942,-0.471996943,-1.1135385848,-0.8116796784,-0.7847465523,-0.8498289523,-1.0219197692,0.012390022,-0.6756522946,-0.8545307123,-0.6891523852,-0.8766043739,0.966850143,-0.9561636579,-0.6672798649,-1.0007338375,-0.832341825,-0.9926668849,-0.6942847348,-0.6274842489,-0.6817173139,-0.8365371953,-0.6088353623,-0.8718537959,-0.885872898
16.0785169947,-0.7635339031,-0.3237017171,-1.1871807385,-0.220096658,-0.9222736555,-0.6828164696,-0.6622272355,-0.7255502839,-0.9234689389,-0.1338763572,-0.5136051692,-0.6756752159,-0.6588614963,-0.7121817607,0.8607753402,-0.7052202192,-0.694367288,-0.6172318473,-0.6111558436,-0.5896885475,-0.6253618365,-0.5864964933,-0.5017036424,-0.6157528541,-0.6275950669,-0.7178228679,-0.941846229
13.2311901913,-0.5487162626,-0.2196368597,-1.0622322026,-0.7240712632,-1.1199160568,-0.4986461344,-0.6480791234,-0.5644329729,-0.7151687245,0.0677803281,-0.274404681,-0.5275603386,-0.3414867791,-0.5413604876,0.6923058653,-0.6402020231,-0.4625532684,-0.3021056542,-0.491434883,-0.7757142633,-0.4348956562,-0.5149245247,-0.5391746004,-0.5648341243,-0.7331273471,-0.5090385988,-0.237559555
11.2936251731,-0.4285037632,-0.0917522406,-0.8610294192,-1.0064279844,-0.7045052439,-0.5132828993,-0.3227414781,-0.433218541,-0.7524616309,-0.0973788688,-0.1841110846,-0.3519156927,-0.3151239059,-0.3741493243,0.3543443384,-0.4835339435,-0.53036817,-0.4717062803,-0.3690785041,-0.886321678,-0.3698273475,-0.4245360354,-0.2870127354,-0.4630397362,-0.2061810674,-0.425312273,-0.2944496638
10.1127744467,-0.3750474974,-0.0062265184,-0.7463774459,-0.667168995,-0.742222738,-0.4210348786,-0.4911338297,-0.3332949332,-0.5384705755,-0.0889879111,-0.5963447045,-0.3353293674,-0.1680026374,-0.2882238211,0.5815472604,-0.2346623216,-0.3495192461,-0.3364847896,-0.3304501709,-0.5860595867,-0.6075948548,-0.4971935967,-0.1611179799,-0.298913525,-0.831029865,-0.4024736093,-0.2609563084
9.3746720144,-0.3662898931,-0.0083337182,-0.7830999937,-0.092095723,-0.1585379046,-0.4946857557,-0.388753872,-0.2774415279,-0.5992425067,-0.0799347828,-0.4788280888,-0.4571475969,-0.6832476448,-0.3735402691,0.3204914843,-0.4594784869,-0.2898974015,-0.3798774928,-0.3900222085,-0.4710990959,-0.2565641782,-0.4735762748,-0.2265553058,-0.4088446309,-0.3186855174,-0.3765660668,-0.4028175618
9.6395424074,-0.4184470045,-0.0584472704,-0.8324264795,-0.0924172551,-0.4448134248,-0.7353031602,-0.469641247,-0.2741043417,-0.7157426289,-0.0305273489,-0.3420599425,-0.4177451359,-0.5314796367,-0.4471356144,0.3671654223,-0.336068038,-0.5088344878,-0.4073247013,-0.4288248746,-0.25634282,-0.5191463764,-0.3199240145,-0.2509254701,-0.3844913213,-0.2198966776,-0.3897326084,-0.174905949
9.8454418053,-0.49010278,-0.0812334604,-0.721676393,0.0467841491,-0.1588766563,-0.3487668026,-0.4799942481,-0.2389262427,-0.5981015184,-0.1113799577,-0.3601626329,-0.3780766098,-0.786861299,-0.4053261661,0.4713292122,-0.4216374026,-0.4679092895,-0.5024108244,-0.4668745825,-0.2480696315,-0.2781634137,-0.4729245536,-0.2160914142,-0.3119199687,-0.4833781845,-0.3325514224,-1.002139712
10.8029585065,-0.430815465,-0.1386231063,-0.7769605914,-1.0257856534,-0.4302525932,-0.398598894,-0.4731278976,-0.3362944928,-0.6093145859,-0.0843377317,-0.7476871026,-0.4331175777,-0.3011061916,-0.3535835028,0.4180948054,-0.4252389357,-0.3345100175,-0.2160414237,-0.416462693,-0.2329614563,-0.5137003846,-0.4897363284,-0.2424396272,-0.3630293652,-0.5994485975,-0.4435589073,-0.4043201894
12.3849296314,-0.446376666,-0.3188875999,-0.8387663728,-0.8043106892,-0.5797228633,-0.729432553,-0.5217913068,-0.4856866224,-0.7106762619,-0.0356786458,-0.2294335781,-0.5561792537,-0.3970657646,-0.42176632,0.5650284176,-0.5542675905,-0.4504915171,-0.6059906411,-0.5217853466,-0.6250990881,-0.4215446141,-0.3300332986,-0.4244382294,-0.4369453027,-0.3646565901,-0.5351370833,-0.6037942501
14.3302390352,-0.7218112718,-0.4167665056,-0.8234676595,-0.6122372081,-0.6923944386,-0.7107416179,-0.7572774732,-0.4786542394,-0.85134137,-0.0331449118,-0.6631826483,-0.6096980929,-0.3941184074,-0.5855897471,0.5441576902,-0.4490894591,-0.5117375917,-0.6922412392,-0.6181131977,-0.3591665284,-0.666405899,-0.6834162091,-0.4045484707,-0.4977903945,-0.544425545,-0.5298924042,-0.5671441953
16.8785438931,-0.6925040783,-0.6121440699,-1.065899014,-1.4603025165,-1.01362426,-0.6395671875,-0.5506790776,-0.693823095,-0.8318447807,-0.1688444588,-0.7317515943,-0.6766639721,-0.6615154643,-0.6536453895,0.7577622299,-0.4813965755,-0.5994271354,-0.7239341734,-0.7210150548,-0.9158931293,-0.8195221441,-0.4695194365,-0.4055630686,-0.6302587705,-0.41517174,-0.6336806745,-0.3681152616
19.3511393828,-0.801125396,-0.6872447478,-1.2398481701,-0.6776023458,-0.4701658661,-0.616531569,-0.7221080775,-0.6667497715,-0.9680490157,-0.1465418309,-0.3211150406,-0.7675853553,-0.7116909109,-0.7530872506,0.7633439351,-0.7621795419,-0.8785600107,-0.7754525259,-0.8356522906,-0.7720048627,-1.0152702046,-0.9451475765,-0.7130508156,-0.7317049728,-1.1857341685,-0.7825952757,-1.1676857249
21.9878250032,-0.7713973092,-0.9964340761,-1.4573291536,-0.4890121461,-0.5931246549,-1.109880966,-0.8397987916,-0.8862493824,-1.037233221,-0.3787306033,-0.8370796666,-0.9447121276,-1.1055069543,-0.9565294116,0.981992518,-0.8523123335,-0.8921384256,-0.7114900352,-0.9300795513,-1.2308192273,-0.9833419375,-0.6335148425,-0.7734414151,-0.8969544833,-1.0713093273,-0.9065541393,-0.6848433391
25.0519952356,-0.8997994039,-1.1507726269,-1.6209464301,-1.2688538534,-1.2113674969,-0.8889055471,-1.0293995994,-0.9963726955,-1.2324035823,-0.3431633881,-1.0601187435,-1.0813236836,-1.1182948076,-0.8203348252,1.1818957981,-0.946998132,-0.9933518085,-1.2623341394,-1.030676814,-0.9186128428,-0.838560235,-0.754947578,-0.8586484072,-1.0178134564,-1.0058852672,-0.9767807197,-0.9072249501
28.5433183995,-1.0025720913,-1.3209719234,-2.0335402564,-1.7037991693,-0.9083934079,-1.0360331639,-1.1491073355,-1.2037639122,-1.3595625273,-0.2697244418,-0.9399603629,-1.076160411,-1.1228180186,-1.173253486,1.2440874692,-1.2285366573,-0.9891017909,-1.3074952513,-1.12569185,-1.3551798045,-1.0772493336,-1.0295091826,-0.9209618571,-1.1549967196,-0.6733350184,-1.1522533966,-1.4734344992
31.1694011056,-1.1429234719,-1.356523211,-2.0870945722,-1.6714765361,-2.0593303972,-1.1745734831,-1.1812029208,-1.2000525775,-1.3935845592,-0.2921831306,-0.8912638428,-1.1699258556,-1.1781071419,-1.1774499768,1.4056614191,-1.2223330064,-1.047676864,-1.0178865889,-1.1243263946,-1.1318212632,-1.2945425172,-1.4129652137,-1.1375811924,-1.3527743029,-1.1834324239,-1.2578877749,-1.416143306
33.9556784212,-1.2619730879,-1.4843383336,-2.5837768984,-1.4790643116,-1.7137374553,-1.4251629599,-1.3048171488,-1.4294301202,-1.531487623,-0.6232693009,-1.3127441378,-1.2782700186,-1.1400544752,-1.3284438957,1.6520821629,-1.2577567724,-1.1829514207,-1.1233351744,-1.2712669961,-1.2335771425,-1.1011743718,-1.5453829597,-0.981079931,-1.4715432715,-1.7649291021,-1.3391939931,-1.4389996816
36.5562879735,-1.4255675129,-1.6188945198,-2.5932341857,-1.7629191538,-2.0284164781,-1.1885080743,-1.461265861,-1.4804658248,-1.6362282498,-0.7762707787,-1.0542636038,-1.3161854543,-1.2751344283,-1.5271836162,1.6496521805,-1.4274014321,-1.3719522194,-1.3573115905,-1.3999560872,-1.7174506107,-1.4671098756,-1.9632041601,-1.0644939673,-1.4846395968,-1.4196889265,-1.3468994203,-1.0412945261
38.3236316366,-1.4102189495,-1.6389748935,-2.8082467014,-2.1582738644,-1.466673062,-1.2134269449,-1.2154602645,-1.5775772767,-1.7514570612,-0.7830907596,-1.439735771,-1.336540294,-1.6626207616,-1.2762236051,1.6744901852,-1.2653254375,-1.2023822886,-1.5978745181,-1.2599778847,-1.6096342784,-1.4750060839,-2.4761885772,-1.2122494153,-1.6524744179,-1.0995038621,-1.3904117839,-2.0185730649
40.6712142354,-1.4042774541,-1.6351707706,-3.228337402,-1.7621165467,-1.1448833413,-1.5496938334,-1.5497774842,-1.8718352851,-1.9201031606,-0.9260984028,-1.8432981808,-1.3856100453,-1.5223370849,-1.5871574605,0.950736774,-1.608894526,-1.2675072996,-1.338924034,-1.5553688223,-0.7043241543,-1.1769933646,-2.317180767,-0.9983499459,-1.710299633,-1.4969841369,-1.488311635,-2.6281162385
42.2465605223,-1.3118148307,-1.2535763106,-3.7544766394,-2.5603397157,-2.7340502496,-1.7402506188,-1.4890626486,-2.1415169231,-2.3655474164,-0.651922594,-1.0354203354,-1.5780400037,-0.9784325958,-1.4703136063,0.9398721793,-1.7719429218,-1.490501371,-1.3792632168,-1.3331280241,-1.3096165187,-0.8419644714,-2.2183028449,-1.0914916154,-1.8302078753,-1.2250114069,-1.8038954062,-1.826342541
43.5273126115,-1.2100056653,-0.8963045531,-3.974094476,-1.8877541194,-3.0803375878,-1.3002562775,-1.8027698768,-2.3798582963,-1.806707368,-1.2891848345,-1.5612402039,-1.4760897883,-1.3080457151,-1.5296181967,0.7164058482,-1.8055500381,-1.4917187916,-1.5199219641,-1.5694037765,-1.1810706818,-2.3075699295,-2.024161422,-1.1235846001,-2.083095392,-1.055278837,-1.6361628767,-0.9439331916
44.4001739878,-1.3007135153,-0.2089883868,-4.2617680741,-0.1482529688,-1.7714845857,-1.3610951808,-1.5155781823,-2.3226539461,-2.3399562839,-1.8186235844,-2.7947669259,-1.6502390308,-1.3264671821,-1.6851132768,0.3163232892,-2.1924325864,-1.4986682528,-1.4868748974,-1.6534636078,-2.0671788758,-2.1348280539,-2.8315048298,-1.1439328556,-1.8617771819,-0.0817538284,-1.8870898642,-1.3712913192
46.1273827746,-1.9133852757,0.8220395652,-3.960073793,-1.603106844,-2.5431961462,-1.6705583381,-1.0938935251,-2.0761827787,-2.4467795691,-2.3826891597,-1.6482087539,-1.4624811793,-2.2767323889,-1.6939199637,0.1144680121,-1.5928118689,-1.2741073095,-1.1531182556,-1.8083200649,-2.5662373841,-0.9319600404,-2.4452823233,-1.3174892053,-2.181421882,-0.2432359109,-1.8755724562,-2.9031259354
45.3197414944,-1.895072855,1.4641771,-4.6254597567,-1.4193882961,-3.455294425,-1.7875643806,-1.7653518069,-1.4342117345,-2.8377560095,-1.466876962,-1.1515364625,-1.9058787886,-0.9458707662,-1.3614297965,0.6710888961,-1.1821213469,-1.3442686803,-2.5470797547,-1.6597169817,-1.8862992833,-1.8354870776,-4.1886381346,-0.6130416931,-0.5133115695,-1.3565457966,-1.6484546349,-2.6283504974
44.0461566319,-2.0479282916,2.9712837814,-3.8103003358,-1.1170667833,-3.7505305389,-3.3876897362,-2.192745752,-1.2594062264,-2.7996035369,-2.6169557835,0.3829076387,-1.9019538718,-1.047581229,-1.2671235399,1.1261783939,-1.7672832179,-2.1627254373,-1.9123153722,-2.22626312,0.6349964106,-2.0936352332,-2.0590823121,-0.7599819309,-1.0381783207,-2.9794565086,-1.6606348952,-3.3030808831
43.7836760728,-0.7832740979,3.2310704511,-4.3080695946,-4.5919169881,-2.0517321027,-2.4017237227,-2.024557775,-2.2157405717,-2.944456368,-3.4224935973,2.2670617753,-2.1715400211,-0.3331906819,-1.3687829836,2.924004914,-1.693077371,-3.0523185992,-1.4558890778,-1.8985147813,-1.4414750484,-1.880144165,-3.7121843095,0.0368637086,-1.475371377,-0.7023076042,-1.3308857028,-4.983030381
39.8861746082,-1.2820156302,4.6773850601,-3.7904997213,-0.5791171794,-0.1887246998,-2.5317552738,-1.2472548405,-1.4962060913,-2.8534087373,-1.7303672421,-2.5071015685,-1.2501524941,-2.7003523303,-1.643444707,-1.1852012211,-0.0945666964,-1.2260861017,-0.907519947,-0.6389167159,0.607157701,-2.2571119099,-2.7840386454,0.8677569884,-1.9610719835,-3.480729891,-1.3164805615,-6.3863501684
38.1333434047,-1.3931266956,4.8868081311,-5.0811905165,-0.1293033337,-2.5383888349,-1.8802062308,-0.4497021573,-0.0457811299,-3.8230748822,-2.2428893496,1.8035948184,-1.3300811772,-1.8800665043,-0.5397727449,-0.3656081144,-2.3254550517,-2.0970673725,-4.6511355089,-1.3665966488,-1.6675421573,-2.107239359,0.4570239884,-0.1292052853,-2.2805032436,-1.0340338338,-1.5360698602,-4.3867303502
35.6103477752,0.039258474,6.3892805725,-2.8504200733,0.2712788466,-1.6419159502,0.180908336,-1.466763576,0.621038617,-4.017238562,-2.8499899127,-2.1306786656,-1.5095377832,-5.2001571882,-1.4717772089,-1.5162486766,-0.4231606618,-1.4678896914,-1.540384548,-0.8638395636,-4.8178528084,-4.6237668466,-1.557514984,1.5842271303,-0.9913122935,-2.1210459826,-0.649278277,-0.9855664982
32.0973048126,-2.429468596,4.4314014624,-3.4258322682,-1.4273615361,6.1021803231,-3.6161379855,-2.569471204,-2.5354658177,-5.1375239259,-0.049566354,-2.3625336331,-1.8144880795,1.0476482867,-2.0820644807,-3.2954324808,-2.2318141681,-2.9347624842,-0.8521150712,-2.2104144062,0.7554280101,-2.1781631485,-2.3174293614,0.3419193696,-1.7350479237,0.1321313636,-1.9986308408,2.2957101376
33.5611001829,-1.7945748574,6.2490708119,-4.7701012634,2.1589221122,-2.937811938,-4.184362758,0.5034765322,-1.0820213332,-2.8430833503,-2.4080932023,2.0994894911,-2.5197598895,-3.0379672823,0.6284283195,-0.7568804177,-1.8930351309,-4.1841150108,0.2903774444,-3.5077273295,-3.493905991,0.208857935,-4.5156648946,0.7628710782,-0.6526577289,-8.4228406387,-0.8730754449,7.415084554
31.3489557983,-0.5561806561,6.3445322347,-2.4880632909,-6.1243219057,-4.134541766,-0.3625883232,-0.6776619779,-3.0478525427,-4.2190201754,2.0794687307,1.0240078578,-2.7588006664,-2.9024282319,0.145836982,3.3180239621,-1.128366496,0.5443105426,-4.3542767384,-2.0475059079,-3.4949379055,-3.6134735013,-2.653102465,-0.3394701177,-1.0593613231,-3.9215817308,-2.1250419986,7.2034416123
27.7483118636,-0.6463568829,9.3747807895,-4.4438523937,-3.2244786101,-4.4092633149,-3.026078212,-2.4663243425,0.1503832312,-3.2572377245,-2.9610573227,-5.8984605626,-1.6679383557,-1.2763477619,0.6422714096,3.6156382629,0.65160447,1.3169989679,-4.9975813659,-2.3689853518,0.2375421756,2.9269842664,-1.4909611843,-0.6510581647,-1.0897556662,2.4273415726,-1.5798118005,-3.6363079923
30.8356409057,0.5427917185,8.0659800397,-2.9294424028,-8.4141027875,-7.8864456593,-2.9770393444,-1.3652232689,0.381514918,-6.3555863774,0.905369447,-7.6164613774,-3.3648445293,-6.1764119558,2.0038039835,3.3817210956,-0.8391247631,-2.7999867286,-4.6337411081,-1.0423799458,8.8780900819,-2.9399179928,-3.0505561169,0.7256175426,1.8311256638,-2.3585467582,0.5047026251,6.6934530953
30.2941472977,-3.746009922,13.5567977631,-3.5851598379,-8.9096696502,-11.7918922359,-0.9469620853,1.2790444278,3.2322663873,-8.0468722635,-3.2428380331,-11.1812171977,-0.8185105271,8.8101068696,0.3453700424,4.8571724633,0.2009739074,2.9038762816,-4.7299286043,-0.4280649256,3.6490799234,-9.8877302697,-5.5638885994,-0.8554499155,-1.3132086206,-0.6424611333,1.5465312305,5.014497227
29.4058414114,-0.4704869708,11.1457273869,-7.2287643243,-17.1343235726,4.3893950919,-1.9224317175,6.9507253269,3.7504052989,-5.4635030274,-1.4708133621,2.8452870269,-1.2131935029,-7.7153847798,-1.3642915016,-5.8725367218,1.6578352752,-2.4629879818,6.1906474924,-0.1970966084,5.2083375476,-5.8135596196,-0.4631025209,-0.4130870284,-2.1578529859,-2.6441031064,-2.7708426693,-4.7658398569
41.7535698729,-3.0394249799,15.2815911325,-1.7107057084,-1.8726907614,-27.8620455937,-8.2420753003,-4.6545752549,-0.323749829,-4.3670786457,-6.7949293783,11.5470976764,0.4462096248,-11.2881317032,3.802536605,-3.8422486605,0.3233626302,3.7005023936,0.3122295546,-0.1874388933,1.5400573559,4.3711383712,-0.3709583489,5.988514116,-0.0587290303,-5.5235526785,-0.4303566655,-8.4981179011
59.3465071216,-5.9608067255,23.0211352491,-11.6048563521,7.3371281083,-24.9623196034,-11.4621079996,-7.0191728974,-2.4902069369,-19.6541843552,-13.4628131251,9.6890143453,-3.1556741515,8.3177363167,-3.6205697012,-17.3752051822,-10.3280748098,-5.9325780803,-3.2756292114,-4.494169939,0.4437321443,0.6567941885,4.2603026096,23.0757962188,-2.2258498854,2.8790641126,-2.3124246958,10.3094332372
